seed,condition,method,held_out_subject_r1,held_out_story_r1,random_negative_r1,semantic_probe_r2,acoustic_probe_r2,alignment_margin,residual_energy,wall_seconds
0,acoustic_only,standard_attention,0.42857142857142855,0.6666666666666666,0.42857142857142855,-0.14699287712574005,0.30718517303466797,0.3665890395641327,1.0,0.01864841699716635
0,acoustic_only,standard_contrastive,0.42857142857142855,0.6666666666666666,0.42857142857142855,-0.14699287712574005,0.30718517303466797,0.3665890395641327,1.0,0.0065923329966608435
0,acoustic_only,input_residualization,0.7142857142857143,0.8333333333333334,0.2857142857142857,-0.03148379921913147,-0.3171851933002472,0.0007585114799439907,0.18526549637317657,0.01092470801086165
0,acoustic_only,pooled_residualization,0.6428571428571429,0.16666666666666666,0.6428571428571429,0.09782250225543976,0.13210193812847137,0.32780537009239197,0.7040468454360962,0.006945499975699931
0,acoustic_only,loss_partial_correlation,0.7142857142857143,0.8333333333333334,0.2857142857142857,-0.03148379921913147,-0.3171851933002472,0.0007585114799439907,0.18526549637317657,0.011055457987822592
0,acoustic_only,q_only,0.7142857142857143,0.8333333333333334,0.14285714285714285,-0.03148379921913147,-0.3171851933002472,-0.0006279297522269189,0.18526549637317657,0.009041291021276265
0,acoustic_only,k_only,0.5,0.6666666666666666,0.07142857142857142,-0.14699287712574005,0.30718517303466797,0.003340050345286727,1.0,0.008168166998075321
0,acoustic_only,qk_tpa,0.7142857142857143,0.8333333333333334,0.2857142857142857,-0.03148379921913147,-0.3171851933002472,0.0007585114799439907,0.18526549637317657,0.010847457975614816
0,acoustic_only,qkv_tpa,0.7142857142857143,0.8333333333333334,0.2857142857142857,-0.03148379921913147,-0.3171851933002472,0.0007585114799439907,0.18526549637317657,0.010799959010910243
0,acoustic_only,random_subspace,0.6428571428571429,1.0,0.6428571428571429,0.0472727045416832,0.5354072451591492,0.3017805814743042,0.6552878618240356,0.010948540992103517
0,acoustic_only,shuffled_covariates,0.5714285714285714,0.6666666666666666,0.21428571428571427,0.04462745413184166,0.1774432510137558,0.004690699279308319,0.3769400119781494,0.011532083008205518
0,acoustic_only,no_lag,0.5,0.5,0.21428571428571427,-0.012496702373027802,0.1445881873369217,0.0022509542759507895,0.7189901471138,0.010706625005695969
0,acoustic_only,oracle_residualization,0.7142857142857143,0.8333333333333334,0.2857142857142857,-0.03148379921913147,-0.3171851933002472,0.0007585114799439907,0.18526549637317657,0.010443000006489456
0,acoustic_only,nonlinear_oracle,0.5714285714285714,0.5,0.35714285714285715,-0.00019411928951740265,-0.0002835765772033483,-0.0052725085988640785,0.06207546964287758,0.011392292013624683
0,acoustic_semantic,standard_attention,0.9285714285714286,1.0,0.9285714285714286,0.42302268743515015,0.46899649500846863,0.46468186378479004,1.0,0.00559899999643676
0,acoustic_semantic,standard_contrastive,0.9285714285714286,1.0,0.9285714285714286,0.42302268743515015,0.46899649500846863,0.46468186378479004,1.0,0.006621083011850715
0,acoustic_semantic,input_residualization,0.9285714285714286,1.0,0.9285714285714286,0.2580655515193939,-0.30479905009269714,0.146565243601799,0.19425149261951447,0.010300082998583093
0,acoustic_semantic,pooled_residualization,0.9285714285714286,1.0,0.9285714285714286,0.10088817030191422,0.13839282095432281,0.3573032319545746,0.672203779220581,0.006695749994833022
0,acoustic_semantic,loss_partial_correlation,0.9285714285714286,1.0,0.9285714285714286,0.2580655515193939,-0.30479905009269714,0.146565243601799,0.19425149261951447,0.010322708985768259
0,acoustic_semantic,q_only,0.9285714285714286,1.0,0.7857142857142857,0.2580655515193939,-0.30479905009269714,0.07958544790744781,0.19425149261951447,0.008934790996136144
0,acoustic_semantic,k_only,1.0,1.0,0.8571428571428571,0.42302268743515015,0.46899649500846863,0.14570572972297668,1.0,0.007903040997916833
0,acoustic_semantic,qk_tpa,0.9285714285714286,1.0,0.9285714285714286,0.2580655515193939,-0.30479905009269714,0.146565243601799,0.19425149261951447,0.010501000011572614
0,acoustic_semantic,qkv_tpa,0.9285714285714286,1.0,0.9285714285714286,0.2580655515193939,-0.30479905009269714,0.146565243601799,0.19425149261951447,0.010520792013267055
0,acoustic_semantic,random_subspace,0.9285714285714286,1.0,0.9285714285714286,0.5075111389160156,0.6263992190361023,0.3772033452987671,0.6542550921440125,0.010851375001948327
0,acoustic_semantic,shuffled_covariates,1.0,1.0,0.9285714285714286,0.29981309175491333,0.26817330718040466,0.09952442348003387,0.37550824880599976,0.010924250003881752
0,acoustic_semantic,no_lag,1.0,1.0,1.0,0.3740057051181793,0.29079049825668335,0.18111076951026917,0.7137622833251953,0.009829374990658835
0,acoustic_semantic,oracle_residualization,0.9285714285714286,1.0,0.9285714285714286,0.2580655515193939,-0.30479905009269714,0.146565243601799,0.19425149261951447,0.010249999992083758
0,acoustic_semantic,nonlinear_oracle,0.8571428571428571,1.0,0.42857142857142855,0.0028925330843776464,0.0007292254013009369,0.03248174488544464,0.06071256101131439,0.011152374994708225
0,weak_semantic,standard_attention,0.7142857142857143,1.0,0.7142857142857143,-0.2589997351169586,0.30931055545806885,0.4034973084926605,1.0,0.005706707976059988
0,weak_semantic,standard_contrastive,0.7142857142857143,1.0,0.7142857142857143,-0.2589997351169586,0.30931055545806885,0.4034973084926605,1.0,0.005991750018438324
0,weak_semantic,input_residualization,0.8571428571428571,1.0,0.6428571428571429,-0.03545261546969414,-0.39360731840133667,0.07706304639577866,0.1880706250667572,0.010467999993124977
0,weak_semantic,pooled_residualization,0.9285714285714286,1.0,0.9285714285714286,0.10088815540075302,0.13839276134967804,0.357303261756897,0.7056610584259033,0.006189667008584365
0,weak_semantic,loss_partial_correlation,0.8571428571428571,1.0,0.6428571428571429,-0.03545261546969414,-0.39360731840133667,0.07706304639577866,0.1880706250667572,0.01038841699482873
0,weak_semantic,q_only,0.8571428571428571,1.0,0.5,-0.03545261546969414,-0.39360731840133667,0.035160526633262634,0.1880706250667572,0.008545749995391816
0,weak_semantic,k_only,0.7857142857142857,0.8333333333333334,0.35714285714285715,-0.2589997351169586,0.30931055545806885,0.06604386866092682,1.0,0.007664540986297652
0,weak_semantic,qk_tpa,0.8571428571428571,1.0,0.6428571428571429,-0.03545261546969414,-0.39360731840133667,0.07706304639577866,0.1880706250667572,0.010561958013568074
0,weak_semantic,qkv_tpa,0.8571428571428571,1.0,0.6428571428571429,-0.03545261546969414,-0.39360731840133667,0.07706304639577866,0.1880706250667572,0.009809125011088327
0,weak_semantic,random_subspace,0.9285714285714286,1.0,0.9285714285714286,0.07013686001300812,0.5314283967018127,0.3316098153591156,0.6549203395843506,0.010680334002245218
0,weak_semantic,shuffled_covariates,0.7142857142857143,1.0,0.5714285714285714,0.057151295244693756,0.18021036684513092,0.0557737722992897,0.3777024745941162,0.011474750004708767
0,weak_semantic,no_lag,0.7857142857142857,1.0,0.6428571428571429,-0.01184731163084507,0.16137103736400604,0.08296945691108704,0.7182366251945496,0.009710083017125726
0,weak_semantic,oracle_residualization,0.8571428571428571,1.0,0.6428571428571429,-0.03545261546969414,-0.39360731840133667,0.07706304639577866,0.1880706250667572,0.01109908299986273
0,weak_semantic,nonlinear_oracle,0.6428571428571429,1.0,0.35714285714285715,0.00032921991078183055,0.0003895839618053287,0.02328580990433693,0.06275931000709534,0.012257207999937236
0,nonlinear,standard_attention,0.9285714285714286,1.0,0.9285714285714286,0.42820727825164795,0.4848235845565796,0.46890944242477417,1.0,0.006589958007680252
0,nonlinear,standard_contrastive,0.9285714285714286,1.0,0.9285714285714286,0.42820727825164795,0.4848235845565796,0.46890944242477417,1.0,0.006725333980284631
0,nonlinear,input_residualization,0.9285714285714286,1.0,0.8571428571428571,0.2589150667190552,-0.2848757803440094,0.1415008306503296,0.17439953982830048,0.011592166993068531
0,nonlinear,pooled_residualization,0.9285714285714286,1.0,0.9285714285714286,0.12910300493240356,0.12000864744186401,0.3597639501094818,0.7249214053153992,0.0067313750041648746
0,nonlinear,loss_partial_correlation,0.9285714285714286,1.0,0.8571428571428571,0.2589150667190552,-0.2848757803440094,0.1415008306503296,0.17439953982830048,0.011654375004582107
0,nonlinear,q_only,0.9285714285714286,1.0,0.7142857142857143,0.2589150667190552,-0.2848757803440094,0.06643089652061462,0.17439953982830048,0.010155541996937245
0,nonlinear,k_only,1.0,1.0,0.7857142857142857,0.42820727825164795,0.4848235845565796,0.14291566610336304,1.0,0.008932333992561325
0,nonlinear,qk_tpa,0.9285714285714286,1.0,0.8571428571428571,0.2589150667190552,-0.2848757803440094,0.1415008306503296,0.17439953982830048,0.011461250018328428
0,nonlinear,qkv_tpa,0.9285714285714286,1.0,0.8571428571428571,0.2589150667190552,-0.2848757803440094,0.1415008306503296,0.17439953982830048,0.011372540990123525
0,nonlinear,random_subspace,0.9285714285714286,1.0,0.9285714285714286,0.5048820972442627,0.6072993874549866,0.37080633640289307,0.6556265950202942,0.011653249996015802
0,nonlinear,shuffled_covariates,1.0,1.0,1.0,0.29273226857185364,0.28930386900901794,0.09675075113773346,0.3790375888347626,0.012014999985694885
0,nonlinear,no_lag,0.9285714285714286,1.0,0.9285714285714286,0.3692176043987274,0.3811782896518707,0.17554450035095215,0.7239135503768921,0.011593166011152789
0,nonlinear,oracle_residualization,0.9285714285714286,1.0,0.8571428571428571,0.2589150667190552,-0.2848757803440094,0.1415008306503296,0.17439953982830048,0.011213958001462743
0,nonlinear,nonlinear_oracle,0.7857142857142857,1.0,0.42857142857142855,0.002959375036880374,0.0008186787599697709,0.03222086280584335,0.05050279572606087,0.01253241699305363
0,wrong_lag,standard_attention,0.9285714285714286,1.0,0.8571428571428571,0.42048028111457825,0.5368934869766235,0.3293391466140747,1.0,0.007162624999182299
0,wrong_lag,standard_contrastive,0.9285714285714286,1.0,0.8571428571428571,0.42048028111457825,0.5368934869766235,0.3293391466140747,1.0,0.006341291998978704
0,wrong_lag,input_residualization,1.0,1.0,0.9285714285714286,0.1619376391172409,-0.17425160109996796,0.11100128293037415,0.13914451003074646,0.011422916984884068
0,wrong_lag,pooled_residualization,0.8571428571428571,0.8333333333333334,0.42857142857142855,0.13163533806800842,0.17262665927410126,0.18915867805480957,0.6745348572731018,0.005992791993776336
0,wrong_lag,loss_partial_correlation,1.0,1.0,0.9285714285714286,0.1619376391172409,-0.17425160109996796,0.11100128293037415,0.13914451003074646,0.010886332980589941
0,wrong_lag,q_only,0.9285714285714286,1.0,0.5714285714285714,0.1619376391172409,-0.17425160109996796,0.056855522096157074,0.13914451003074646,0.00867737500811927
0,wrong_lag,k_only,0.9285714285714286,1.0,0.5714285714285714,0.42048028111457825,0.5368934869766235,0.13628727197647095,1.0,0.008440916979452595
0,wrong_lag,qk_tpa,1.0,1.0,0.9285714285714286,0.1619376391172409,-0.17425160109996796,0.11100128293037415,0.13914451003074646,0.01045462497859262
0,wrong_lag,qkv_tpa,1.0,1.0,0.9285714285714286,0.1619376391172409,-0.17425160109996796,0.11100128293037415,0.13914451003074646,0.010192334011662751
0,wrong_lag,random_subspace,0.9285714285714286,1.0,0.8571428571428571,0.5617167949676514,0.6136684417724609,0.23230069875717163,0.49553534388542175,0.011360375006916001
0,wrong_lag,shuffled_covariates,0.8571428571428571,1.0,0.5714285714285714,0.1995989978313446,0.12586361169815063,0.07080268114805222,0.2428378313779831,0.010865124990232289
0,wrong_lag,no_lag,1.0,1.0,0.9285714285714286,0.4150172173976898,0.3708672523498535,0.17974595725536346,0.7954800128936768,0.010385500005213544
0,wrong_lag,oracle_residualization,1.0,1.0,0.9285714285714286,0.1619376391172409,-0.17425160109996796,0.11100128293037415,0.13914451003074646,0.010507957980735227
0,wrong_lag,nonlinear_oracle,0.5714285714285714,0.5,0.07142857142857142,3.4664510621951194e-06,2.3147811134549556e-06,0.009249651804566383,0.006637183949351311,0.012823249999200925
0,random_nuisance,standard_attention,0.9285714285714286,1.0,0.9285714285714286,0.42302268743515015,0.46899649500846863,0.46468186378479004,1.0,0.006234749977011234
0,random_nuisance,standard_contrastive,0.9285714285714286,1.0,0.9285714285714286,0.42302268743515015,0.46899649500846863,0.46468186378479004,1.0,0.005435958999441937
0,random_nuisance,input_residualization,0.9285714285714286,1.0,0.9285714285714286,0.2580655515193939,-0.30479905009269714,0.146565243601799,0.19425149261951447,0.010813040978973731
0,random_nuisance,pooled_residualization,0.9285714285714286,1.0,0.9285714285714286,0.10088817030191422,0.13839282095432281,0.3573032319545746,0.672203779220581,0.005921916017541662
0,random_nuisance,loss_partial_correlation,0.9285714285714286,1.0,0.9285714285714286,0.2580655515193939,-0.30479905009269714,0.146565243601799,0.19425149261951447,0.0107589170220308
0,random_nuisance,q_only,0.9285714285714286,1.0,0.7857142857142857,0.2580655515193939,-0.30479905009269714,0.07958544790744781,0.19425149261951447,0.007883082987973467
0,random_nuisance,k_only,1.0,1.0,0.8571428571428571,0.42302268743515015,0.46899649500846863,0.14570572972297668,1.0,0.008466625004075468
0,random_nuisance,qk_tpa,0.9285714285714286,1.0,0.9285714285714286,0.2580655515193939,-0.30479905009269714,0.146565243601799,0.19425149261951447,0.010356332990340889
0,random_nuisance,qkv_tpa,0.9285714285714286,1.0,0.9285714285714286,0.2580655515193939,-0.30479905009269714,0.146565243601799,0.19425149261951447,0.01029629202093929
0,random_nuisance,random_subspace,0.9285714285714286,1.0,0.9285714285714286,0.5075111389160156,0.6263992190361023,0.3772033452987671,0.6542550921440125,0.01081929201609455
0,random_nuisance,shuffled_covariates,1.0,1.0,0.9285714285714286,0.29981309175491333,0.26817330718040466,0.09952442348003387,0.37550824880599976,0.01050504099112004
0,random_nuisance,no_lag,1.0,1.0,1.0,0.3740057051181793,0.29079049825668335,0.18111076951026917,0.7137622833251953,0.01061104200198315
0,random_nuisance,oracle_residualization,0.9285714285714286,1.0,0.9285714285714286,0.2580655515193939,-0.30479905009269714,0.146565243601799,0.19425149261951447,0.010311457997886464
0,random_nuisance,nonlinear_oracle,0.8571428571428571,1.0,0.42857142857142855,0.0028925330843776464,0.0007292254013009369,0.03248174488544464,0.06071256101131439,0.011031500005628914
1,acoustic_only,standard_attention,0.5714285714285714,0.3333333333333333,0.5714285714285714,0.4058550000190735,0.4149857759475708,0.2413659691810608,1.0,0.006365124980220571
1,acoustic_only,standard_contrastive,0.5714285714285714,0.3333333333333333,0.5714285714285714,0.4058550000190735,0.4149857759475708,0.2413659691810608,1.0,0.005874415975995362
1,acoustic_only,input_residualization,0.5,0.3333333333333333,0.2857142857142857,-0.2808663547039032,-0.6363889575004578,-0.0032051759772002697,0.2183445692062378,0.01076116698095575
1,acoustic_only,pooled_residualization,0.2857142857142857,0.16666666666666666,0.2857142857142857,0.07958067208528519,0.06731005012989044,0.25167691707611084,0.6886503100395203,0.005926374986302108
1,acoustic_only,loss_partial_correlation,0.5,0.3333333333333333,0.2857142857142857,-0.2808663547039032,-0.6363889575004578,-0.0032051759772002697,0.2183445692062378,0.010567624995019287
1,acoustic_only,q_only,0.5,0.5,0.14285714285714285,-0.2808663547039032,-0.6363889575004578,0.002535618608817458,0.2183445692062378,0.008278374996734783
1,acoustic_only,k_only,0.5,0.3333333333333333,0.14285714285714285,0.4058550000190735,0.4149857759475708,0.0007975175976753235,1.0,0.00800574998720549
1,acoustic_only,qk_tpa,0.5,0.3333333333333333,0.2857142857142857,-0.2808663547039032,-0.6363889575004578,-0.0032051759772002697,0.2183445692062378,0.010052666999399662
1,acoustic_only,qkv_tpa,0.5,0.3333333333333333,0.2857142857142857,-0.2808663547039032,-0.6363889575004578,-0.0032051759772002697,0.2183445692062378,0.010375000012572855
1,acoustic_only,random_subspace,0.6428571428571429,0.5,0.6428571428571429,0.33206644654273987,0.6694467067718506,0.19752760231494904,0.6671403050422668,0.01066904200706631
1,acoustic_only,shuffled_covariates,0.5,0.3333333333333333,0.14285714285714285,0.15620239078998566,0.3316059410572052,0.0006034362595528364,0.40633177757263184,0.011009624984581023
1,acoustic_only,no_lag,0.5,0.3333333333333333,0.21428571428571427,0.0645427480340004,-1.1829047203063965,0.0021505376789718866,0.743025004863739,0.010241042007692158
1,acoustic_only,oracle_residualization,0.5,0.3333333333333333,0.2857142857142857,-0.2808663547039032,-0.6363889575004578,-0.0032051759772002697,0.2183445692062378,0.010161915997741744
1,acoustic_only,nonlinear_oracle,0.5,0.3333333333333333,0.07142857142857142,-0.0004571160825435072,-6.686222332064062e-05,0.003527992870658636,0.06757322698831558,0.010816207999596372
1,acoustic_semantic,standard_attention,0.9285714285714286,1.0,0.9285714285714286,0.878427267074585,0.6472004652023315,0.3453141748905182,1.0,0.0052924999909009784
1,acoustic_semantic,standard_contrastive,0.9285714285714286,1.0,0.9285714285714286,0.878427267074585,0.6472004652023315,0.3453141748905182,1.0,0.006118167017120868
1,acoustic_semantic,input_residualization,0.9285714285714286,1.0,0.9285714285714286,0.38035497069358826,0.24217025935649872,0.1647452712059021,0.22997982800006866,0.009745874995132908
1,acoustic_semantic,pooled_residualization,0.8571428571428571,1.0,0.8571428571428571,0.08324355632066727,0.06823918968439102,0.28130871057510376,0.6573049426078796,0.00616350001655519
1,acoustic_semantic,loss_partial_correlation,0.9285714285714286,1.0,0.9285714285714286,0.38035497069358826,0.24217025935649872,0.1647452712059021,0.22997982800006866,0.009901208017254248
1,acoustic_semantic,q_only,0.9285714285714286,1.0,0.8571428571428571,0.38035497069358826,0.24217025935649872,0.09318810701370239,0.22997982800006866,0.008285916992463171
1,acoustic_semantic,k_only,0.9285714285714286,1.0,0.7857142857142857,0.878427267074585,0.6472004652023315,0.1683690845966339,1.0,0.007171291013946757
1,acoustic_semantic,qk_tpa,0.9285714285714286,1.0,0.9285714285714286,0.38035497069358826,0.24217025935649872,0.1647452712059021,0.22997982800006866,0.010184291983023286
1,acoustic_semantic,qkv_tpa,0.9285714285714286,1.0,0.9285714285714286,0.38035497069358826,0.24217025935649872,0.1647452712059021,0.22997982800006866,0.009794042009161785
1,acoustic_semantic,random_subspace,0.9285714285714286,1.0,0.9285714285714286,0.7769646644592285,0.781837522983551,0.2815999984741211,0.6669949889183044,0.010538292001001537
1,acoustic_semantic,shuffled_covariates,0.8571428571428571,1.0,0.7142857142857143,0.461376816034317,0.5022051930427551,0.11581092327833176,0.4073771834373474,0.011081583012128249
1,acoustic_semantic,no_lag,0.9285714285714286,1.0,0.8571428571428571,0.8095051646232605,-0.17961566150188446,0.19756920635700226,0.7418695092201233,0.010059708001790568
1,acoustic_semantic,oracle_residualization,0.9285714285714286,1.0,0.9285714285714286,0.38035497069358826,0.24217025935649872,0.1647452712059021,0.22997982800006866,0.010476041992660612
1,acoustic_semantic,nonlinear_oracle,0.8571428571428571,0.6666666666666666,0.42857142857142855,0.025485441088676453,0.024236807599663734,0.05387060344219208,0.06747867166996002,0.011015832977136597
1,weak_semantic,standard_attention,0.7142857142857143,0.8333333333333334,0.7142857142857143,0.5617808699607849,0.42303913831710815,0.2797180414199829,1.0,0.006347957998514175
1,weak_semantic,standard_contrastive,0.7142857142857143,0.8333333333333334,0.7142857142857143,0.5617808699607849,0.42303913831710815,0.2797180414199829,1.0,0.005909084022277966
1,weak_semantic,input_residualization,0.7857142857142857,0.8333333333333334,0.5714285714285714,-0.27245622873306274,-0.5985559225082397,0.07534728944301605,0.22206233441829681,0.010447957989526913
1,weak_semantic,pooled_residualization,0.8571428571428571,1.0,0.8571428571428571,0.08324354887008667,0.06823908537626266,0.28130868077278137,0.6904746294021606,0.00839645799715072
1,weak_semantic,loss_partial_correlation,0.7857142857142857,0.8333333333333334,0.5714285714285714,-0.27245622873306274,-0.5985559225082397,0.07534728944301605,0.22206233441829681,0.011234666017116979
1,weak_semantic,q_only,0.7142857142857143,0.6666666666666666,0.5,-0.27245622873306274,-0.5985559225082397,0.04164310544729233,0.22206233441829681,0.008924333000322804
1,weak_semantic,k_only,0.6428571428571429,0.5,0.5714285714285714,0.5617808699607849,0.42303913831710815,0.0664578229188919,1.0,0.007598166004754603
1,weak_semantic,qk_tpa,0.7857142857142857,0.8333333333333334,0.5714285714285714,-0.27245622873306274,-0.5985559225082397,0.07534728944301605,0.22206233441829681,0.011847541987663135
1,weak_semantic,qkv_tpa,0.7857142857142857,0.8333333333333334,0.5714285714285714,-0.27245622873306274,-0.5985559225082397,0.07534728944301605,0.22206233441829681,0.01207950001116842
1,weak_semantic,random_subspace,0.8571428571428571,0.8333333333333334,0.8571428571428571,0.3962233066558838,0.672543466091156,0.22974270582199097,0.6675252318382263,0.012737000011838973
1,weak_semantic,shuffled_covariates,0.6428571428571429,0.5,0.5714285714285714,0.15599028766155243,0.3237142860889435,0.05100367218255997,0.4076346158981323,0.013300792023073882
1,weak_semantic,no_lag,0.8571428571428571,0.5,0.6428571428571429,0.16198065876960754,-1.0973113775253296,0.08635948598384857,0.7433546781539917,0.012870708014816046
1,weak_semantic,oracle_residualization,0.7857142857142857,0.8333333333333334,0.5714285714285714,-0.27245622873306274,-0.5985559225082397,0.07534728944301605,0.22206233441829681,0.011052999994717538
1,weak_semantic,nonlinear_oracle,0.7857142857142857,0.6666666666666666,0.21428571428571427,0.0025252411141991615,0.003332714084535837,0.03577393665909767,0.06824836134910583,0.011094916990259662
1,nonlinear,standard_attention,0.9285714285714286,1.0,0.9285714285714286,0.8791319131851196,0.6369353532791138,0.3428727388381958,1.0,0.006878665997646749
1,nonlinear,standard_contrastive,0.9285714285714286,1.0,0.9285714285714286,0.8791319131851196,0.6369353532791138,0.3428727388381958,1.0,0.006558041000971571
1,nonlinear,input_residualization,1.0,1.0,0.9285714285714286,0.380537748336792,0.26813527941703796,0.15817879140377045,0.23007148504257202,0.011038334021577612
1,nonlinear,pooled_residualization,0.8571428571428571,1.0,0.8571428571428571,0.0646645650267601,0.051623955368995667,0.2768210172653198,0.6797214150428772,0.006521792005514726
1,nonlinear,loss_partial_correlation,1.0,1.0,0.9285714285714286,0.380537748336792,0.26813527941703796,0.15817879140377045,0.23007148504257202,0.011372917011613026
1,nonlinear,q_only,0.9285714285714286,1.0,0.7857142857142857,0.380537748336792,0.26813527941703796,0.09522689878940582,0.23007148504257202,0.008824332995573059
1,nonlinear,k_only,0.9285714285714286,1.0,0.7857142857142857,0.8791319131851196,0.6369353532791138,0.16589276492595673,1.0,0.008896167011698708
1,nonlinear,qk_tpa,1.0,1.0,0.9285714285714286,0.380537748336792,0.26813527941703796,0.15817879140377045,0.23007148504257202,0.010809209023136646
1,nonlinear,qkv_tpa,1.0,1.0,0.9285714285714286,0.380537748336792,0.26813527941703796,0.15817879140377045,0.23007148504257202,0.011033916991436854
1,nonlinear,random_subspace,0.9285714285714286,1.0,0.9285714285714286,0.7688095569610596,0.779339611530304,0.2775362730026245,0.6672760844230652,0.011861249979119748
1,nonlinear,shuffled_covariates,0.8571428571428571,1.0,0.7142857142857143,0.4518245756626129,0.46064528822898865,0.11286911368370056,0.4044206440448761,0.012142207997385412
1,nonlinear,no_lag,0.9285714285714286,1.0,0.8571428571428571,0.79105544090271,-0.20549912750720978,0.19360458850860596,0.7319953441619873,0.010728207998909056
1,nonlinear,oracle_residualization,1.0,1.0,0.9285714285714286,0.380537748336792,0.26813527941703796,0.15817879140377045,0.23007148504257202,0.011131333012599498
1,nonlinear,nonlinear_oracle,0.8571428571428571,0.6666666666666666,0.5,0.025374049320816994,0.02424423024058342,0.05270734429359436,0.06471922248601913,0.012503792007919401
1,wrong_lag,standard_attention,0.9285714285714286,1.0,0.5714285714285714,0.8845624923706055,0.7705366015434265,0.07946479320526123,1.0,0.008206166996387765
1,wrong_lag,standard_contrastive,0.9285714285714286,1.0,0.5714285714285714,0.8845624923706055,0.7705366015434265,0.07946479320526123,1.0,0.006159582990221679
1,wrong_lag,input_residualization,0.9285714285714286,0.8333333333333334,0.7857142857142857,0.13445447385311127,0.12744848430156708,0.10475429892539978,0.1391831338405609,0.010556416003964841
1,wrong_lag,pooled_residualization,0.7857142857142857,1.0,0.07142857142857142,0.12158432602882385,0.1415213942527771,-0.07087419182062149,0.653058648109436,0.00616441699094139
1,wrong_lag,loss_partial_correlation,0.9285714285714286,0.8333333333333334,0.7857142857142857,0.13445447385311127,0.12744848430156708,0.10475429892539978,0.1391831338405609,0.011225541995372623
1,wrong_lag,q_only,1.0,0.8333333333333334,0.7142857142857143,0.13445447385311127,0.12744848430156708,0.05717334523797035,0.1391831338405609,0.009075625013792887
1,wrong_lag,k_only,1.0,1.0,0.7857142857142857,0.8845624923706055,0.7705366015434265,0.15648934245109558,1.0,0.008330624987138435
1,wrong_lag,qk_tpa,0.9285714285714286,0.8333333333333334,0.7857142857142857,0.13445447385311127,0.12744848430156708,0.10475429892539978,0.1391831338405609,0.010717833007220179
1,wrong_lag,qkv_tpa,0.9285714285714286,0.8333333333333334,0.7857142857142857,0.13445447385311127,0.12744848430156708,0.10475429892539978,0.1391831338405609,0.010766040999442339
1,wrong_lag,random_subspace,1.0,1.0,0.2857142857142857,0.6083306074142456,0.6329705119132996,0.04371393099427223,0.4907759428024292,0.011893165996298194
1,wrong_lag,shuffled_covariates,0.7857142857142857,0.6666666666666666,0.5,0.17571111023426056,0.2887329161167145,0.07151283323764801,0.24841128289699554,0.012155584001448005
1,wrong_lag,no_lag,0.9285714285714286,0.8333333333333334,0.7857142857142857,0.8642502427101135,0.29693692922592163,0.18972304463386536,0.8214243650436401,0.011320916004478931
1,wrong_lag,oracle_residualization,0.9285714285714286,0.8333333333333334,0.7857142857142857,0.13445447385311127,0.12744848430156708,0.10475429892539978,0.1391831338405609,0.011474667000584304
1,wrong_lag,nonlinear_oracle,0.5714285714285714,0.3333333333333333,0.14285714285714285,4.259081470081583e-05,3.756242585950531e-05,0.01392068900167942,0.005789175163954496,0.011527291993843392
1,random_nuisance,standard_attention,0.9285714285714286,1.0,0.9285714285714286,0.878427267074585,0.6472004652023315,0.3453141748905182,1.0,0.0065594170009717345
1,random_nuisance,standard_contrastive,0.9285714285714286,1.0,0.9285714285714286,0.878427267074585,0.6472004652023315,0.3453141748905182,1.0,0.00628966698423028
1,random_nuisance,input_residualization,0.9285714285714286,1.0,0.9285714285714286,0.38035497069358826,0.24217025935649872,0.1647452712059021,0.22997982800006866,0.010834624990820885
1,random_nuisance,pooled_residualization,0.8571428571428571,1.0,0.8571428571428571,0.08324355632066727,0.06823918968439102,0.28130871057510376,0.6573049426078796,0.006155667011626065
1,random_nuisance,loss_partial_correlation,0.9285714285714286,1.0,0.9285714285714286,0.38035497069358826,0.24217025935649872,0.1647452712059021,0.22997982800006866,0.010931291995802894
1,random_nuisance,q_only,0.9285714285714286,1.0,0.8571428571428571,0.38035497069358826,0.24217025935649872,0.09318810701370239,0.22997982800006866,0.008594834012910724
1,random_nuisance,k_only,0.9285714285714286,1.0,0.7857142857142857,0.878427267074585,0.6472004652023315,0.1683690845966339,1.0,0.008122917002765462
1,random_nuisance,qk_tpa,0.9285714285714286,1.0,0.9285714285714286,0.38035497069358826,0.24217025935649872,0.1647452712059021,0.22997982800006866,0.010310084006050602
1,random_nuisance,qkv_tpa,0.9285714285714286,1.0,0.9285714285714286,0.38035497069358826,0.24217025935649872,0.1647452712059021,0.22997982800006866,0.010706208006013185
1,random_nuisance,random_subspace,0.9285714285714286,1.0,0.9285714285714286,0.7769646644592285,0.781837522983551,0.2815999984741211,0.6669949889183044,0.010630167002091184
1,random_nuisance,shuffled_covariates,0.8571428571428571,1.0,0.7142857142857143,0.461376816034317,0.5022051930427551,0.11581092327833176,0.4073771834373474,0.010615707986289635
1,random_nuisance,no_lag,0.9285714285714286,1.0,0.8571428571428571,0.8095051646232605,-0.17961566150188446,0.19756920635700226,0.7418695092201233,0.010071875003632158
1,random_nuisance,oracle_residualization,0.9285714285714286,1.0,0.9285714285714286,0.38035497069358826,0.24217025935649872,0.1647452712059021,0.22997982800006866,0.01008845801698044
1,random_nuisance,nonlinear_oracle,0.8571428571428571,0.6666666666666666,0.42857142857142855,0.025485441088676453,0.024236807599663734,0.05387060344219208,0.06747867166996002,0.010670749994460493
2,acoustic_only,standard_attention,0.42857142857142855,0.6666666666666666,0.42857142857142855,-0.013246705755591393,0.693189799785614,0.37003105878829956,1.0,0.0059509169950615615
2,acoustic_only,standard_contrastive,0.42857142857142855,0.6666666666666666,0.42857142857142855,-0.013246705755591393,0.693189799785614,0.37003105878829956,1.0,0.005597040988504887
2,acoustic_only,input_residualization,0.5,0.5,0.07142857142857142,-0.08221094310283661,-0.12739364802837372,-0.003068249672651291,0.2515633702278137,0.010526666999794543
2,acoustic_only,pooled_residualization,0.5714285714285714,0.5,0.5714285714285714,0.008776132948696613,0.16740800440311432,0.4635613262653351,0.7248146533966064,0.005831333983223885
2,acoustic_only,loss_partial_correlation,0.5,0.5,0.07142857142857142,-0.08221094310283661,-0.12739364802837372,-0.003068249672651291,0.2515633702278137,0.010226250014966354
2,acoustic_only,q_only,0.5,0.16666666666666666,0.14285714285714285,-0.08221094310283661,-0.12739364802837372,0.013645218685269356,0.2515633702278137,0.008700082980794832
2,acoustic_only,k_only,0.5,0.3333333333333333,0.14285714285714285,-0.013246705755591393,0.693189799785614,-0.0001320643350481987,1.0,0.007580709003377706
2,acoustic_only,qk_tpa,0.5,0.5,0.07142857142857142,-0.08221094310283661,-0.12739364802837372,-0.003068249672651291,0.2515633702278137,0.01048716701916419
2,acoustic_only,qkv_tpa,0.5,0.5,0.07142857142857142,-0.08221094310283661,-0.12739364802837372,-0.003068249672651291,0.2515633702278137,0.010154500021599233
2,acoustic_only,random_subspace,0.7142857142857143,0.8333333333333334,0.7142857142857143,0.016033504158258438,0.5755549073219299,0.30179744958877563,0.6547842025756836,0.05766941700130701
2,acoustic_only,shuffled_covariates,0.42857142857142855,0.5,0.14285714285714285,0.018849853426218033,0.33478596806526184,0.0028976891189813614,0.4530505836009979,0.061531041021225974
2,acoustic_only,no_lag,0.5,0.5,0.21428571428571427,-0.07010038197040558,-0.10331087559461594,-0.0065050977282226086,0.7381924390792847,0.021646791021339595
2,acoustic_only,oracle_residualization,0.5,0.5,0.07142857142857142,-0.08221094310283661,-0.12739364802837372,-0.003068249672651291,0.2515633702278137,0.016366500000003725
2,acoustic_only,nonlinear_oracle,0.6428571428571429,0.5,0.2857142857142857,0.00038535037310793996,8.570902718929574e-05,-0.010577714070677757,0.06070546433329582,0.016905083000892773
2,acoustic_semantic,standard_attention,0.8571428571428571,1.0,0.8571428571428571,-0.008306529372930527,0.5692757964134216,0.46539634466171265,1.0,0.006558124994626269
2,acoustic_semantic,standard_contrastive,0.8571428571428571,1.0,0.8571428571428571,-0.008306529372930527,0.5692757964134216,0.46539634466171265,1.0,0.007297750009456649
2,acoustic_semantic,input_residualization,0.8571428571428571,1.0,0.5714285714285714,0.2964725196361542,-0.0585695318877697,0.18248502910137177,0.26801109313964844,0.011109458981081843
2,acoustic_semantic,pooled_residualization,1.0,0.8333333333333334,1.0,0.013652201741933823,0.17143481969833374,0.4837358593940735,0.7012448310852051,0.007054208981571719
2,acoustic_semantic,loss_partial_correlation,0.8571428571428571,1.0,0.5714285714285714,0.2964725196361542,-0.0585695318877697,0.18248502910137177,0.26801109313964844,0.01069687501876615
2,acoustic_semantic,q_only,0.8571428571428571,1.0,0.5714285714285714,0.2964725196361542,-0.0585695318877697,0.11189970374107361,0.26801109313964844,0.009566958004143089
2,acoustic_semantic,k_only,0.8571428571428571,1.0,0.5714285714285714,-0.008306529372930527,0.5692757964134216,0.16965171694755554,1.0,0.008983915991848335
2,acoustic_semantic,qk_tpa,0.8571428571428571,1.0,0.5714285714285714,0.2964725196361542,-0.0585695318877697,0.18248502910137177,0.26801109313964844,0.011566333007067442
2,acoustic_semantic,qkv_tpa,0.8571428571428571,1.0,0.5714285714285714,0.2964725196361542,-0.0585695318877697,0.18248502910137177,0.26801109313964844,0.011593041999731213
2,acoustic_semantic,random_subspace,0.8571428571428571,0.8333333333333334,0.8571428571428571,0.2284770905971527,0.4174067974090576,0.37698742747306824,0.654427170753479,0.011724207986844704
2,acoustic_semantic,shuffled_covariates,0.8571428571428571,0.8333333333333334,0.5714285714285714,0.3264697194099426,0.40239617228507996,0.13475121557712555,0.4582403004169464,0.010699957987526432
2,acoustic_semantic,no_lag,0.8571428571428571,0.8333333333333334,0.6428571428571429,0.0229598768055439,-0.23495633900165558,0.18882153928279877,0.7430699467658997,0.010561292001511902
2,acoustic_semantic,oracle_residualization,0.8571428571428571,1.0,0.5714285714285714,0.2964725196361542,-0.0585695318877697,0.18248502910137177,0.26801109313964844,0.01052100001834333
2,acoustic_semantic,nonlinear_oracle,0.7142857142857143,0.5,0.5714285714285714,0.006702079903334379,0.0022472217679023743,0.0172098521143198,0.05993669107556343,0.011280542006716132
2,weak_semantic,standard_attention,0.7142857142857143,0.6666666666666666,0.7142857142857143,-0.3608474135398865,0.5197681188583374,0.40446436405181885,1.0,0.006651457981206477
2,weak_semantic,standard_contrastive,0.7142857142857143,0.6666666666666666,0.7142857142857143,-0.3608474135398865,0.5197681188583374,0.40446436405181885,1.0,0.005639457987854257
2,weak_semantic,input_residualization,0.6428571428571429,0.8333333333333334,0.21428571428571427,-0.019843658432364464,-0.10543608665466309,0.05912088602781296,0.2544134855270386,0.010842791991308331
2,weak_semantic,pooled_residualization,1.0,0.8333333333333334,1.0,0.013652165420353413,0.17143480479717255,0.4837358593940735,0.7272700071334839,0.0064529590017627925
2,weak_semantic,loss_partial_correlation,0.6428571428571429,0.8333333333333334,0.21428571428571427,-0.019843658432364464,-0.10543608665466309,0.05912088602781296,0.2544134855270386,0.01084845798322931
2,weak_semantic,q_only,0.7142857142857143,0.8333333333333334,0.35714285714285715,-0.019843658432364464,-0.10543608665466309,0.04627039656043053,0.2544134855270386,0.008147291984641925
2,weak_semantic,k_only,0.6428571428571429,0.8333333333333334,0.35714285714285715,-0.3608474135398865,0.5197681188583374,0.05956922844052315,1.0,0.008622374996775761
2,weak_semantic,qk_tpa,0.6428571428571429,0.8333333333333334,0.21428571428571427,-0.019843658432364464,-0.10543608665466309,0.05912088602781296,0.2544134855270386,0.010600042005535215
2,weak_semantic,qkv_tpa,0.6428571428571429,0.8333333333333334,0.21428571428571427,-0.019843658432364464,-0.10543608665466309,0.05912088602781296,0.2544134855270386,0.012261249998118728
2,weak_semantic,random_subspace,0.8571428571428571,0.8333333333333334,0.8571428571428571,-0.011823995970189571,0.44683265686035156,0.3297766447067261,0.6547865271568298,0.012774292001267895
2,weak_semantic,shuffled_covariates,0.7142857142857143,0.6666666666666666,0.2857142857142857,0.01745673455297947,0.37400299310684204,0.04796132445335388,0.4535828232765198,0.012645875016460195
2,weak_semantic,no_lag,0.6428571428571429,0.6666666666666666,0.35714285714285715,-0.1609012484550476,-0.2704337239265442,0.06665822118520737,0.7402001023292542,0.010268082987749949
2,weak_semantic,oracle_residualization,0.6428571428571429,0.8333333333333334,0.21428571428571427,-0.019843658432364464,-0.10543608665466309,0.05912088602781296,0.2544134855270386,0.012005333002889529
2,weak_semantic,nonlinear_oracle,0.7142857142857143,0.5,0.5,0.002061706269159913,0.0010316577972844243,0.0070079630240798,0.06126368045806885,0.013493915990693495
2,nonlinear,standard_attention,0.8571428571428571,1.0,0.8571428571428571,-0.008108388632535934,0.5686292052268982,0.46106278896331787,1.0,0.007812374999048188
2,nonlinear,standard_contrastive,0.8571428571428571,1.0,0.8571428571428571,-0.008108388632535934,0.5686292052268982,0.46106278896331787,1.0,0.0076506659970618784
2,nonlinear,input_residualization,0.8571428571428571,1.0,0.5714285714285714,0.28055712580680847,-0.1131264865398407,0.1757773458957672,0.2693379521369934,0.013311540998984128
2,nonlinear,pooled_residualization,1.0,0.8333333333333334,1.0,0.014389341697096825,0.23158219456672668,0.47476211190223694,0.7237197756767273,0.008661582978675142
2,nonlinear,loss_partial_correlation,0.8571428571428571,1.0,0.5714285714285714,0.28055712580680847,-0.1131264865398407,0.1757773458957672,0.2693379521369934,0.012865333002991974
2,nonlinear,q_only,0.8571428571428571,1.0,0.42857142857142855,0.28055712580680847,-0.1131264865398407,0.11105147004127502,0.2693379521369934,0.010351792006986216
2,nonlinear,k_only,0.8571428571428571,1.0,0.5714285714285714,-0.008108388632535934,0.5686292052268982,0.1680992841720581,1.0,0.01023445901228115
2,nonlinear,qk_tpa,0.8571428571428571,1.0,0.5714285714285714,0.28055712580680847,-0.1131264865398407,0.1757773458957672,0.2693379521369934,0.01442962500732392
2,nonlinear,qkv_tpa,0.8571428571428571,1.0,0.5714285714285714,0.28055712580680847,-0.1131264865398407,0.1757773458957672,0.2693379521369934,0.01226958297775127
2,nonlinear,random_subspace,0.8571428571428571,1.0,0.8571428571428571,0.23207120597362518,0.4126709997653961,0.3676944673061371,0.653311550617218,0.012851417006459087
2,nonlinear,shuffled_covariates,0.7857142857142857,1.0,0.5714285714285714,0.32667121291160583,0.4121006727218628,0.13159579038619995,0.45499372482299805,0.012902041024062783
2,nonlinear,no_lag,0.8571428571428571,0.8333333333333334,0.5,0.017117323353886604,-0.28091511130332947,0.18604305386543274,0.7511045336723328,0.011851124989334494
2,nonlinear,oracle_residualization,0.8571428571428571,1.0,0.5714285714285714,0.28055712580680847,-0.1131264865398407,0.1757773458957672,0.2693379521369934,0.011717166984453797
2,nonlinear,nonlinear_oracle,0.7142857142857143,0.5,0.5714285714285714,0.007489508017897606,0.0023942848201841116,0.016971629112958908,0.05615399405360222,0.012651208991883323
2,wrong_lag,standard_attention,0.8571428571428571,1.0,0.35714285714285715,0.04381589964032173,0.6315210461616516,0.164846733212471,1.0,0.006773792003514245
2,wrong_lag,standard_contrastive,0.8571428571428571,1.0,0.35714285714285715,0.04381589964032173,0.6315210461616516,0.164846733212471,1.0,0.006182582990732044
2,wrong_lag,input_residualization,0.9285714285714286,0.8333333333333334,0.5714285714285714,0.4256123900413513,0.0312112458050251,0.13977092504501343,0.20228807628154755,0.011651959008304402
2,wrong_lag,pooled_residualization,0.9285714285714286,0.8333333333333334,0.0,0.02222149260342121,0.15154191851615906,0.10577534139156342,0.7000765800476074,0.006120167003246024
2,wrong_lag,loss_partial_correlation,0.9285714285714286,0.8333333333333334,0.5714285714285714,0.4256123900413513,0.0312112458050251,0.13977092504501343,0.20228807628154755,0.011334209004417062
2,wrong_lag,q_only,0.8571428571428571,1.0,0.42857142857142855,0.4256123900413513,0.0312112458050251,0.090372234582901,0.20228807628154755,0.008444000006420538
2,wrong_lag,k_only,0.8571428571428571,1.0,0.5714285714285714,0.04381589964032173,0.6315210461616516,0.15647709369659424,1.0,0.00873383300495334
2,wrong_lag,qk_tpa,0.9285714285714286,0.8333333333333334,0.5714285714285714,0.4256123900413513,0.0312112458050251,0.13977092504501343,0.20228807628154755,0.011092749977251515
2,wrong_lag,qkv_tpa,0.9285714285714286,0.8333333333333334,0.5714285714285714,0.4256123900413513,0.0312112458050251,0.13977092504501343,0.20228807628154755,0.01167258300120011
2,wrong_lag,random_subspace,0.8571428571428571,1.0,0.21428571428571427,0.3629591464996338,0.21262626349925995,0.10630810260772705,0.5027989745140076,0.012489332992117852
2,wrong_lag,shuffled_covariates,0.8571428571428571,0.6666666666666666,0.5,0.3703896999359131,0.28900882601737976,0.10290955007076263,0.33721721172332764,0.013061999983619899
2,wrong_lag,no_lag,0.8571428571428571,1.0,0.5714285714285714,0.07179059088230133,0.3578726351261139,0.1807606965303421,0.8515264391899109,0.012771749985404313
2,wrong_lag,oracle_residualization,0.9285714285714286,0.8333333333333334,0.5714285714285714,0.4256123900413513,0.0312112458050251,0.13977092504501343,0.20228807628154755,0.011936709022847936
2,wrong_lag,nonlinear_oracle,0.42857142857142855,0.3333333333333333,0.2857142857142857,1.4463457773672417e-06,-0.00017627397028263658,-0.0017390493303537369,0.005473113153129816,0.011504583002533764
2,random_nuisance,standard_attention,0.8571428571428571,1.0,0.8571428571428571,-0.008306529372930527,0.5692757964134216,0.46539634466171265,1.0,0.006076499994378537
2,random_nuisance,standard_contrastive,0.8571428571428571,1.0,0.8571428571428571,-0.008306529372930527,0.5692757964134216,0.46539634466171265,1.0,0.006492250016890466
2,random_nuisance,input_residualization,0.8571428571428571,1.0,0.5714285714285714,0.2964725196361542,-0.0585695318877697,0.18248502910137177,0.26801109313964844,0.010171832982450724
2,random_nuisance,pooled_residualization,1.0,0.8333333333333334,1.0,0.013652201741933823,0.17143481969833374,0.4837358593940735,0.7012448310852051,0.0061739590018987656
2,random_nuisance,loss_partial_correlation,0.8571428571428571,1.0,0.5714285714285714,0.2964725196361542,-0.0585695318877697,0.18248502910137177,0.26801109313964844,0.010292958002537489
2,random_nuisance,q_only,0.8571428571428571,1.0,0.5714285714285714,0.2964725196361542,-0.0585695318877697,0.11189970374107361,0.26801109313964844,0.008848500001477078
2,random_nuisance,k_only,0.8571428571428571,1.0,0.5714285714285714,-0.008306529372930527,0.5692757964134216,0.16965171694755554,1.0,0.008008957986021414
2,random_nuisance,qk_tpa,0.8571428571428571,1.0,0.5714285714285714,0.2964725196361542,-0.0585695318877697,0.18248502910137177,0.26801109313964844,0.010392708994913846
2,random_nuisance,qkv_tpa,0.8571428571428571,1.0,0.5714285714285714,0.2964725196361542,-0.0585695318877697,0.18248502910137177,0.26801109313964844,0.010463541984790936
2,random_nuisance,random_subspace,0.8571428571428571,0.8333333333333334,0.8571428571428571,0.2284770905971527,0.4174067974090576,0.37698742747306824,0.654427170753479,0.010905500006629154
2,random_nuisance,shuffled_covariates,0.8571428571428571,0.8333333333333334,0.5714285714285714,0.3264697194099426,0.40239617228507996,0.13475121557712555,0.4582403004169464,0.011408292019041255
2,random_nuisance,no_lag,0.8571428571428571,0.8333333333333334,0.6428571428571429,0.0229598768055439,-0.23495633900165558,0.18882153928279877,0.7430699467658997,0.010267665988067165
2,random_nuisance,oracle_residualization,0.8571428571428571,1.0,0.5714285714285714,0.2964725196361542,-0.0585695318877697,0.18248502910137177,0.26801109313964844,0.010578291985439137
2,random_nuisance,nonlinear_oracle,0.7142857142857143,0.5,0.5714285714285714,0.006702079903334379,0.0022472217679023743,0.0172098521143198,0.05993669107556343,0.011429915990447626
3,acoustic_only,standard_attention,0.6428571428571429,0.16666666666666666,0.6428571428571429,-0.010124271735548973,-0.2629864811897278,0.2802189588546753,1.0,0.005988749995594844
3,acoustic_only,standard_contrastive,0.6428571428571429,0.16666666666666666,0.6428571428571429,-0.010124271735548973,-0.2629864811897278,0.2802189588546753,1.0,0.006482791999587789
3,acoustic_only,input_residualization,0.42857142857142855,0.16666666666666666,0.14285714285714285,-0.05365268141031265,-0.473789244890213,0.004704951774328947,0.31177979707717896,0.012420582992490381
3,acoustic_only,pooled_residualization,0.7142857142857143,0.3333333333333333,0.7142857142857143,0.016652479767799377,0.046346478164196014,0.3318844437599182,0.6687544584274292,0.008713417017133906
3,acoustic_only,loss_partial_correlation,0.42857142857142855,0.16666666666666666,0.14285714285714285,-0.05365268141031265,-0.473789244890213,0.004704951774328947,0.31177979707717896,0.04624708299525082
3,acoustic_only,q_only,0.5,0.3333333333333333,0.14285714285714285,-0.05365268141031265,-0.473789244890213,0.0006932583637535572,0.31177979707717896,0.016583999997237697
3,acoustic_only,k_only,0.5714285714285714,0.16666666666666666,0.14285714285714285,-0.010124271735548973,-0.2629864811897278,0.0018137474544346333,1.0,0.009004416991956532
3,acoustic_only,qk_tpa,0.42857142857142855,0.16666666666666666,0.14285714285714285,-0.05365268141031265,-0.473789244890213,0.004704951774328947,0.31177979707717896,0.011530790972756222
3,acoustic_only,qkv_tpa,0.42857142857142855,0.16666666666666666,0.14285714285714285,-0.05365268141031265,-0.473789244890213,0.004704951774328947,0.31177979707717896,0.011678625014610589
3,acoustic_only,random_subspace,0.6428571428571429,0.3333333333333333,0.6428571428571429,0.005409932695329189,0.24603599309921265,0.24031338095664978,0.6673487424850464,0.011457959015388042
3,acoustic_only,shuffled_covariates,0.5,0.16666666666666666,0.14285714285714285,0.09331906586885452,0.005882673896849155,-0.006529615726321936,0.4775407910346985,0.0116584170027636
3,acoustic_only,no_lag,0.5714285714285714,0.16666666666666666,0.21428571428571427,-0.04983940348029137,-0.8895642161369324,0.004056202247738838,0.7761685252189636,0.010374667006544769
3,acoustic_only,oracle_residualization,0.42857142857142855,0.16666666666666666,0.14285714285714285,-0.05365268141031265,-0.473789244890213,0.004704951774328947,0.31177979707717896,0.011001042003044859
3,acoustic_only,nonlinear_oracle,0.42857142857142855,0.6666666666666666,0.2857142857142857,0.00017727084923535585,-0.0016719240229576826,0.009268540889024734,0.059847861528396606,0.01173391699558124
3,acoustic_semantic,standard_attention,1.0,1.0,1.0,0.14925043284893036,0.2498210370540619,0.34409937262535095,1.0,0.0062293329974636436
3,acoustic_semantic,standard_contrastive,1.0,1.0,1.0,0.14925043284893036,0.2498210370540619,0.34409937262535095,1.0,0.006410166999557987
3,acoustic_semantic,input_residualization,1.0,1.0,0.7857142857142857,0.29615166783332825,-0.15985943377017975,0.1564362347126007,0.33653584122657776,0.010493000008864328
3,acoustic_semantic,pooled_residualization,0.7142857142857143,1.0,0.7142857142857143,0.022000407800078392,0.05067174509167671,0.36481985449790955,0.634547233581543,0.00653787498595193
3,acoustic_semantic,loss_partial_correlation,1.0,1.0,0.7857142857142857,0.29615166783332825,-0.15985943377017975,0.1564362347126007,0.33653584122657776,0.010364292014855891
3,acoustic_semantic,q_only,0.9285714285714286,1.0,0.7142857142857143,0.29615166783332825,-0.15985943377017975,0.07807819545269012,0.33653584122657776,0.008657708996906877
3,acoustic_semantic,k_only,1.0,1.0,0.9285714285714286,0.14925043284893036,0.2498210370540619,0.12595310807228088,1.0,0.008190708002075553
3,acoustic_semantic,qk_tpa,1.0,1.0,0.7857142857142857,0.29615166783332825,-0.15985943377017975,0.1564362347126007,0.33653584122657776,0.010324041009880602
3,acoustic_semantic,qkv_tpa,1.0,1.0,0.7857142857142857,0.29615166783332825,-0.15985943377017975,0.1564362347126007,0.33653584122657776,0.011211333010578528
3,acoustic_semantic,random_subspace,1.0,1.0,1.0,0.42149847745895386,0.42160162329673767,0.2929805517196655,0.6682010889053345,0.010763749975012615
3,acoustic_semantic,shuffled_covariates,1.0,1.0,0.7857142857142857,0.36451786756515503,0.06930676847696304,0.0982455238699913,0.4880255460739136,0.011077167000621557
3,acoustic_semantic,no_lag,1.0,1.0,0.9285714285714286,0.14397013187408447,-0.5710598230361938,0.1541292816400528,0.7815961241722107,0.010003832983784378
3,acoustic_semantic,oracle_residualization,1.0,1.0,0.7857142857142857,0.29615166783332825,-0.15985943377017975,0.1564362347126007,0.33653584122657776,0.01063125001383014
3,acoustic_semantic,nonlinear_oracle,0.7857142857142857,1.0,0.42857142857142855,0.005183092784136534,0.0012103270273655653,0.05064047873020172,0.05915619060397148,0.011548250011401251
3,weak_semantic,standard_attention,0.7857142857142857,0.5,0.7857142857142857,-0.33135247230529785,0.06974554061889648,0.31417492032051086,1.0,0.006091874995036051
3,weak_semantic,standard_contrastive,0.7857142857142857,0.5,0.7857142857142857,-0.33135247230529785,0.06974554061889648,0.31417492032051086,1.0,0.006300999986706302
3,weak_semantic,input_residualization,0.7857142857142857,0.6666666666666666,0.5,-0.19309213757514954,-0.22631189227104187,0.07383625954389572,0.3155592679977417,0.010709041001973674
3,weak_semantic,pooled_residualization,0.7142857142857143,1.0,0.7142857142857143,0.022000392898917198,0.050671692937612534,0.36481985449790955,0.6713129281997681,0.006653666001511738
3,weak_semantic,loss_partial_correlation,0.7857142857142857,0.6666666666666666,0.5,-0.19309213757514954,-0.22631189227104187,0.07383625954389572,0.3155592679977417,0.01094529201509431
3,weak_semantic,q_only,0.7857142857142857,0.5,0.42857142857142855,-0.19309213757514954,-0.22631189227104187,0.035367198288440704,0.3155592679977417,0.009434749983483925
3,weak_semantic,k_only,0.7857142857142857,0.5,0.5,-0.33135247230529785,0.06974554061889648,0.060299351811409,1.0,0.008052167017012835
3,weak_semantic,qk_tpa,0.7857142857142857,0.6666666666666666,0.5,-0.19309213757514954,-0.22631189227104187,0.07383625954389572,0.3155592679977417,0.011286166991339996
3,weak_semantic,qkv_tpa,0.7857142857142857,0.6666666666666666,0.5,-0.19309213757514954,-0.22631189227104187,0.07383625954389572,0.3155592679977417,0.011953000008361414
3,weak_semantic,random_subspace,0.8571428571428571,0.5,0.8571428571428571,-0.10211940854787827,0.3215932548046112,0.26826876401901245,0.6673257350921631,0.010733500006608665
3,weak_semantic,shuffled_covariates,0.7857142857142857,0.16666666666666666,0.35714285714285715,-0.03162961080670357,-0.12167468667030334,0.0399894155561924,0.4776172935962677,0.011580624995986
3,weak_semantic,no_lag,0.7857142857142857,0.6666666666666666,0.42857142857142855,-0.4773033559322357,-0.734874963760376,0.07349453866481781,0.7766831517219543,0.010962125001242384
3,weak_semantic,oracle_residualization,0.7857142857142857,0.6666666666666666,0.5,-0.19309213757514954,-0.22631189227104187,0.07383625954389572,0.3155592679977417,0.010227334016235545
3,weak_semantic,nonlinear_oracle,0.5714285714285714,1.0,0.35714285714285715,0.0005254371790215373,0.0003405007882975042,0.043361030519008636,0.06128766015172005,0.010791624983539805
3,nonlinear,standard_attention,1.0,1.0,1.0,0.16431047022342682,0.2554476261138916,0.3439708352088928,1.0,0.006642166001256555
3,nonlinear,standard_contrastive,1.0,1.0,1.0,0.16431047022342682,0.2554476261138916,0.3439708352088928,1.0,0.006906166992848739
3,nonlinear,input_residualization,1.0,1.0,0.7857142857142857,0.2970772981643677,-0.03802439197897911,0.15202757716178894,0.3316103518009186,0.01089854200836271
3,nonlinear,pooled_residualization,0.7142857142857143,1.0,0.7142857142857143,0.022494619712233543,0.042220186442136765,0.3651881814002991,0.6541385054588318,0.006887582974741235
3,nonlinear,loss_partial_correlation,1.0,1.0,0.7857142857142857,0.2970772981643677,-0.03802439197897911,0.15202757716178894,0.3316103518009186,0.010605541989207268
3,nonlinear,q_only,0.9285714285714286,1.0,0.6428571428571429,0.2970772981643677,-0.03802439197897911,0.07470248639583588,0.3316103518009186,0.00906320899957791
3,nonlinear,k_only,1.0,1.0,0.9285714285714286,0.16431047022342682,0.2554476261138916,0.12360463291406631,1.0,0.009010583016788587
3,nonlinear,qk_tpa,1.0,1.0,0.7857142857142857,0.2970772981643677,-0.03802439197897911,0.15202757716178894,0.3316103518009186,0.010464749997481704
3,nonlinear,qkv_tpa,1.0,1.0,0.7857142857142857,0.2970772981643677,-0.03802439197897911,0.15202757716178894,0.3316103518009186,0.010995582997566089
3,nonlinear,random_subspace,1.0,1.0,1.0,0.42617979645729065,0.4269258677959442,0.2907608151435852,0.6691247820854187,0.012254166009370238
3,nonlinear,shuffled_covariates,0.9285714285714286,0.8333333333333334,0.6428571428571429,0.3736840486526489,0.07801080495119095,0.09412707388401031,0.48631739616394043,0.011165208008605987
3,nonlinear,no_lag,1.0,1.0,0.9285714285714286,0.14396685361862183,-0.49004432559013367,0.15094444155693054,0.783652126789093,0.01126749999821186
3,nonlinear,oracle_residualization,1.0,1.0,0.7857142857142857,0.2970772981643677,-0.03802439197897911,0.15202757716178894,0.3316103518009186,0.013722875009989366
3,nonlinear,nonlinear_oracle,0.7857142857142857,1.0,0.35714285714285715,0.00544146029278636,0.0014983416767790914,0.050459716469049454,0.05644344910979271,0.011806624999735504
3,wrong_lag,standard_attention,0.9285714285714286,1.0,0.5714285714285714,0.11613895744085312,0.24232971668243408,0.09653528034687042,1.0,0.0076311249868012965
3,wrong_lag,standard_contrastive,0.9285714285714286,1.0,0.5714285714285714,0.11613895744085312,0.24232971668243408,0.09653528034687042,1.0,0.0064306250133086
3,wrong_lag,input_residualization,1.0,1.0,0.7857142857142857,0.4233686923980713,-0.15631552040576935,0.14094379544258118,0.2778205871582031,0.011034166993340477
3,wrong_lag,pooled_residualization,0.8571428571428571,1.0,0.35714285714285715,0.03817296773195267,0.06033134460449219,0.04393027722835541,0.6313292384147644,0.006512957974337041
3,wrong_lag,loss_partial_correlation,1.0,1.0,0.7857142857142857,0.4233686923980713,-0.15631552040576935,0.14094379544258118,0.2778205871582031,0.011781666980823502
3,wrong_lag,q_only,1.0,1.0,0.7142857142857143,0.4233686923980713,-0.15631552040576935,0.07134483754634857,0.2778205871582031,0.009935125010088086
3,wrong_lag,k_only,0.9285714285714286,1.0,0.8571428571428571,0.11613895744085312,0.24232971668243408,0.12227210402488708,1.0,0.008228833001339808
3,wrong_lag,qk_tpa,1.0,1.0,0.7857142857142857,0.4233686923980713,-0.15631552040576935,0.14094379544258118,0.2778205871582031,0.011033916991436854
3,wrong_lag,qkv_tpa,1.0,1.0,0.7857142857142857,0.4233686923980713,-0.15631552040576935,0.14094379544258118,0.2778205871582031,0.010601541987853125
3,wrong_lag,random_subspace,0.9285714285714286,1.0,0.42857142857142855,0.4085696041584015,0.27293071150779724,0.05696861818432808,0.48556625843048096,0.01214433301356621
3,wrong_lag,shuffled_covariates,0.9285714285714286,0.8333333333333334,0.7142857142857143,0.4615119397640228,0.11392837762832642,0.08314565569162369,0.381931334733963,0.011657583003398031
3,wrong_lag,no_lag,0.9285714285714286,1.0,0.9285714285714286,0.15097881853580475,-0.488107293844223,0.15194012224674225,0.8596186637878418,0.01109854198875837
3,wrong_lag,oracle_residualization,1.0,1.0,0.7857142857142857,0.4233686923980713,-0.15631552040576935,0.14094379544258118,0.2778205871582031,0.010608790995320305
3,wrong_lag,nonlinear_oracle,0.6428571428571429,0.5,0.2857142857142857,1.2263692951819394e-05,-0.0018168138340115547,0.01887938752770424,0.005836891010403633,0.01203558300039731
3,random_nuisance,standard_attention,1.0,1.0,1.0,0.14925043284893036,0.2498210370540619,0.34409937262535095,1.0,0.006090542010497302
3,random_nuisance,standard_contrastive,1.0,1.0,1.0,0.14925043284893036,0.2498210370540619,0.34409937262535095,1.0,0.00652650001575239
3,random_nuisance,input_residualization,1.0,1.0,0.7857142857142857,0.29615166783332825,-0.15985943377017975,0.1564362347126007,0.33653584122657776,0.010218249983154237
3,random_nuisance,pooled_residualization,0.7142857142857143,1.0,0.7142857142857143,0.022000407800078392,0.05067174509167671,0.36481985449790955,0.634547233581543,0.006470082997111604
3,random_nuisance,loss_partial_correlation,1.0,1.0,0.7857142857142857,0.29615166783332825,-0.15985943377017975,0.1564362347126007,0.33653584122657776,0.010106165980687365
3,random_nuisance,q_only,0.9285714285714286,1.0,0.7142857142857143,0.29615166783332825,-0.15985943377017975,0.07807819545269012,0.33653584122657776,0.008952709002187476
3,random_nuisance,k_only,1.0,1.0,0.9285714285714286,0.14925043284893036,0.2498210370540619,0.12595310807228088,1.0,0.008122958010062575
3,random_nuisance,qk_tpa,1.0,1.0,0.7857142857142857,0.29615166783332825,-0.15985943377017975,0.1564362347126007,0.33653584122657776,0.010941250016912818
3,random_nuisance,qkv_tpa,1.0,1.0,0.7857142857142857,0.29615166783332825,-0.15985943377017975,0.1564362347126007,0.33653584122657776,0.010978000005707145
3,random_nuisance,random_subspace,1.0,1.0,1.0,0.42149847745895386,0.42160162329673767,0.2929805517196655,0.6682010889053345,0.010740416997577995
3,random_nuisance,shuffled_covariates,1.0,1.0,0.7857142857142857,0.36451786756515503,0.06930676847696304,0.0982455238699913,0.4880255460739136,0.011176500003784895
3,random_nuisance,no_lag,1.0,1.0,0.9285714285714286,0.14397013187408447,-0.5710598230361938,0.1541292816400528,0.7815961241722107,0.010547209007199854
3,random_nuisance,oracle_residualization,1.0,1.0,0.7857142857142857,0.29615166783332825,-0.15985943377017975,0.1564362347126007,0.33653584122657776,0.010376791993621737
3,random_nuisance,nonlinear_oracle,0.7857142857142857,1.0,0.42857142857142855,0.005183092784136534,0.0012103270273655653,0.05064047873020172,0.05915619060397148,0.010927208000794053
4,acoustic_only,standard_attention,0.42857142857142855,0.0,0.42857142857142855,0.4131578803062439,0.8313874006271362,0.3705487549304962,1.0,0.005867875006515533
4,acoustic_only,standard_contrastive,0.42857142857142855,0.0,0.42857142857142855,0.4131578803062439,0.8313874006271362,0.3705487549304962,1.0,0.006458625022787601
4,acoustic_only,input_residualization,0.5714285714285714,0.0,0.07142857142857142,0.015891090035438538,0.03315701335668564,-0.016823533922433853,0.1693967580795288,0.009981999988667667
4,acoustic_only,pooled_residualization,0.42857142857142855,0.16666666666666666,0.42857142857142855,0.16574722528457642,0.4082852900028229,0.29724347591400146,0.6446942090988159,0.0064993750129360706
4,acoustic_only,loss_partial_correlation,0.5714285714285714,0.0,0.07142857142857142,0.015891090035438538,0.03315701335668564,-0.016823533922433853,0.1693967580795288,0.009980291011743248
4,acoustic_only,q_only,0.35714285714285715,0.0,0.07142857142857142,0.015891090035438538,0.03315701335668564,-0.004861515946686268,0.1693967580795288,0.008717749995412305
4,acoustic_only,k_only,0.5714285714285714,0.0,0.07142857142857142,0.4131578803062439,0.8313874006271362,-0.002706439234316349,1.0,0.007821584003977478
4,acoustic_only,qk_tpa,0.5714285714285714,0.0,0.07142857142857142,0.015891090035438538,0.03315701335668564,-0.016823533922433853,0.1693967580795288,0.011374541994882748
4,acoustic_only,qkv_tpa,0.5714285714285714,0.0,0.07142857142857142,0.015891090035438538,0.03315701335668564,-0.016823533922433853,0.1693967580795288,0.010721083002863452
4,acoustic_only,random_subspace,0.7857142857142857,0.3333333333333333,0.7857142857142857,0.45970970392227173,0.7927507758140564,0.2992684841156006,0.6581878662109375,0.011315125011606142
4,acoustic_only,shuffled_covariates,0.7142857142857143,0.16666666666666666,0.21428571428571427,0.2753433287143707,0.5661102533340454,-0.0053148092702031136,0.4340696632862091,0.012432708026608452
4,acoustic_only,no_lag,0.5714285714285714,0.0,0.21428571428571427,0.4060717225074768,0.5779786705970764,-0.00495139230042696,0.6052019000053406,0.011777416977565736
4,acoustic_only,oracle_residualization,0.5714285714285714,0.0,0.07142857142857142,0.015891090035438538,0.03315701335668564,-0.016823533922433853,0.1693967580795288,0.011939458985580131
4,acoustic_only,nonlinear_oracle,0.5,0.5,0.07142857142857142,0.010525006800889969,0.016882959753274918,0.0038929269649088383,0.06470741331577301,0.012514499976532534
4,acoustic_semantic,standard_attention,1.0,0.8333333333333334,1.0,0.6437535881996155,0.8476399779319763,0.47007471323013306,1.0,0.007498082995880395
4,acoustic_semantic,standard_contrastive,1.0,0.8333333333333334,1.0,0.6437535881996155,0.8476399779319763,0.47007471323013306,1.0,0.006067250011255965
4,acoustic_semantic,input_residualization,0.9285714285714286,1.0,0.7142857142857143,0.39628252387046814,0.31273210048675537,0.11857327818870544,0.1762189120054245,0.010917916981270537
4,acoustic_semantic,pooled_residualization,0.8571428571428571,1.0,0.8571428571428571,0.16779647767543793,0.4090854525566101,0.3257520794868469,0.6192967295646667,0.005760833009844646
4,acoustic_semantic,loss_partial_correlation,0.9285714285714286,1.0,0.7142857142857143,0.39628252387046814,0.31273210048675537,0.11857327818870544,0.1762189120054245,0.010938874998828396
4,acoustic_semantic,q_only,0.9285714285714286,0.8333333333333334,0.7142857142857143,0.39628252387046814,0.31273210048675537,0.07091747224330902,0.1762189120054245,0.008251708000898361
4,acoustic_semantic,k_only,1.0,0.6666666666666666,0.6428571428571429,0.6437535881996155,0.8476399779319763,0.13244760036468506,1.0,0.008707041997695342
4,acoustic_semantic,qk_tpa,0.9285714285714286,1.0,0.7142857142857143,0.39628252387046814,0.31273210048675537,0.11857327818870544,0.1762189120054245,0.010360209009377286
4,acoustic_semantic,qkv_tpa,0.9285714285714286,1.0,0.7142857142857143,0.39628252387046814,0.31273210048675537,0.11857327818870544,0.1762189120054245,0.010271209001075476
4,acoustic_semantic,random_subspace,1.0,0.8333333333333334,1.0,0.5947924852371216,0.7736919522285461,0.37648168206214905,0.6573538780212402,0.010534667002502829
4,acoustic_semantic,shuffled_covariates,0.7857142857142857,0.8333333333333334,0.5714285714285714,0.4716534912586212,0.6100444197654724,0.06851279735565186,0.4273911118507385,0.01084641698980704
4,acoustic_semantic,no_lag,1.0,0.6666666666666666,0.7857142857142857,0.6493819952011108,0.6196935176849365,0.1655825525522232,0.6047397255897522,0.010211125016212463
4,acoustic_semantic,oracle_residualization,0.9285714285714286,1.0,0.7142857142857143,0.39628252387046814,0.31273210048675537,0.11857327818870544,0.1762189120054245,0.010160625010030344
4,acoustic_semantic,nonlinear_oracle,0.6428571428571429,0.5,0.42857142857142855,0.08901868015527725,0.12797611951828003,0.05159949138760567,0.06624459475278854,0.011580082995351404
4,weak_semantic,standard_attention,0.8571428571428571,0.5,0.8571428571428571,0.4153730571269989,0.8060100078582764,0.4062786102294922,1.0,0.006050041993148625
4,weak_semantic,standard_contrastive,0.8571428571428571,0.5,0.8571428571428571,0.4153730571269989,0.8060100078582764,0.4062786102294922,1.0,0.006621250009629875
4,weak_semantic,input_residualization,0.7857142857142857,0.5,0.42857142857142855,0.05542753264307976,0.09045910090208054,0.05073508620262146,0.17251932621002197,0.010026290983660147
4,weak_semantic,pooled_residualization,0.8571428571428571,1.0,0.8571428571428571,0.16779647767543793,0.4090854227542877,0.3257520794868469,0.6472240090370178,0.006440833996748552
4,weak_semantic,loss_partial_correlation,0.7857142857142857,0.5,0.42857142857142855,0.05542753264307976,0.09045910090208054,0.05073508620262146,0.17251932621002197,0.010039333981694654
4,weak_semantic,q_only,0.8571428571428571,0.5,0.2857142857142857,0.05542753264307976,0.09045910090208054,0.029354402795433998,0.17251932621002197,0.008928374998504296
4,weak_semantic,k_only,0.7142857142857143,0.16666666666666666,0.5,0.4153730571269989,0.8060100078582764,0.053059764206409454,1.0,0.007910959015134722
4,weak_semantic,qk_tpa,0.7857142857142857,0.5,0.42857142857142855,0.05542753264307976,0.09045910090208054,0.05073508620262146,0.17251932621002197,0.010411875002318993
4,weak_semantic,qkv_tpa,0.7857142857142857,0.5,0.42857142857142855,0.05542753264307976,0.09045910090208054,0.05073508620262146,0.17251932621002197,0.010668500006431714
4,weak_semantic,random_subspace,0.9285714285714286,0.6666666666666666,0.9285714285714286,0.4360751211643219,0.7743929624557495,0.3287128210067749,0.6577203273773193,0.010413750016596168
4,weak_semantic,shuffled_covariates,0.7857142857142857,0.5,0.5,0.28445181250572205,0.5686834454536438,0.03504783287644386,0.4345298111438751,0.011030749999918044
4,weak_semantic,no_lag,0.8571428571428571,0.3333333333333333,0.6428571428571429,0.4322652518749237,0.5339352488517761,0.07082682102918625,0.6076038479804993,0.010378207982284948
4,weak_semantic,oracle_residualization,0.7857142857142857,0.5,0.42857142857142855,0.05542753264307976,0.09045910090208054,0.05073508620262146,0.17251932621002197,0.01043349999235943
4,weak_semantic,nonlinear_oracle,0.5714285714285714,0.5,0.14285714285714285,0.01989799365401268,0.03256100416183472,0.03003808856010437,0.06560775637626648,0.01074374999734573
4,nonlinear,standard_attention,1.0,0.8333333333333334,1.0,0.6402652859687805,0.8507407903671265,0.4644862115383148,1.0,0.00663974997587502
4,nonlinear,standard_contrastive,1.0,0.8333333333333334,1.0,0.6402652859687805,0.8507407903671265,0.4644862115383148,1.0,0.006886874994961545
4,nonlinear,input_residualization,0.9285714285714286,1.0,0.7142857142857143,0.4091533422470093,0.31713104248046875,0.11464511603116989,0.1869315505027771,0.010818291979376227
4,nonlinear,pooled_residualization,0.7142857142857143,1.0,0.7142857142857143,0.16590899229049683,0.4120253920555115,0.310014933347702,0.6196991205215454,0.006766125006834045
4,nonlinear,loss_partial_correlation,0.9285714285714286,1.0,0.7142857142857143,0.4091533422470093,0.31713104248046875,0.11464511603116989,0.1869315505027771,0.010553167026955634
4,nonlinear,q_only,0.9285714285714286,0.8333333333333334,0.5,0.4091533422470093,0.31713104248046875,0.08253060281276703,0.1869315505027771,0.009401999996043742
4,nonlinear,k_only,1.0,0.6666666666666666,0.6428571428571429,0.6402652859687805,0.8507407903671265,0.12998344004154205,1.0,0.008959250000771135
4,nonlinear,qk_tpa,0.9285714285714286,1.0,0.7142857142857143,0.4091533422470093,0.31713104248046875,0.11464511603116989,0.1869315505027771,0.011140082991914824
4,nonlinear,qkv_tpa,0.9285714285714286,1.0,0.7142857142857143,0.4091533422470093,0.31713104248046875,0.11464511603116989,0.1869315505027771,0.01151129198842682
4,nonlinear,random_subspace,1.0,0.8333333333333334,1.0,0.5789273381233215,0.7654284834861755,0.37449657917022705,0.6598132252693176,0.011700041010044515
4,nonlinear,shuffled_covariates,0.7857142857142857,0.8333333333333334,0.5714285714285714,0.4670614004135132,0.6164618134498596,0.06600826978683472,0.43003079295158386,0.011374291003448889
4,nonlinear,no_lag,1.0,0.8333333333333334,0.7857142857142857,0.6465162634849548,0.6117521524429321,0.1642019897699356,0.6186658143997192,0.010411750001367182
4,nonlinear,oracle_residualization,0.9285714285714286,1.0,0.7142857142857143,0.4091533422470093,0.31713104248046875,0.11464511603116989,0.1869315505027771,0.01134283299325034
4,nonlinear,nonlinear_oracle,0.6428571428571429,0.5,0.2857142857142857,0.08920012414455414,0.12766875326633453,0.051056865602731705,0.06619833409786224,0.011517541017383337
4,wrong_lag,standard_attention,0.9285714285714286,0.8333333333333334,0.7857142857142857,0.650438129901886,0.8474400043487549,0.2895185649394989,1.0,0.006737749994499609
4,wrong_lag,standard_contrastive,0.9285714285714286,0.8333333333333334,0.7857142857142857,0.650438129901886,0.8474400043487549,0.2895185649394989,1.0,0.005413583014160395
4,wrong_lag,input_residualization,0.7142857142857143,0.8333333333333334,0.5714285714285714,0.22741928696632385,0.15873725712299347,0.08541206270456314,0.12486425787210464,0.011607666994677857
4,wrong_lag,pooled_residualization,0.7857142857142857,0.6666666666666666,0.21428571428571427,0.23279553651809692,0.5626290440559387,0.07619357109069824,0.6239792108535767,0.00588516698917374
4,wrong_lag,loss_partial_correlation,0.7142857142857143,0.8333333333333334,0.5714285714285714,0.22741928696632385,0.15873725712299347,0.08541206270456314,0.12486425787210464,0.011214583006221801
4,wrong_lag,q_only,0.7142857142857143,0.8333333333333334,0.35714285714285715,0.22741928696632385,0.15873725712299347,0.05304471030831337,0.12486425787210464,0.008344041998498142
4,wrong_lag,k_only,0.9285714285714286,0.8333333333333334,0.6428571428571429,0.650438129901886,0.8474400043487549,0.11958476901054382,1.0,0.009278959012590349
4,wrong_lag,qk_tpa,0.7142857142857143,0.8333333333333334,0.5714285714285714,0.22741928696632385,0.15873725712299347,0.08541206270456314,0.12486425787210464,0.010512875014683232
4,wrong_lag,qkv_tpa,0.7142857142857143,0.8333333333333334,0.5714285714285714,0.22741928696632385,0.15873725712299347,0.08541206270456314,0.12486425787210464,0.012009707977995276
4,wrong_lag,random_subspace,1.0,0.6666666666666666,0.7142857142857143,0.5920562148094177,0.8075464367866516,0.16994473338127136,0.5022302269935608,0.011710708000464365
4,wrong_lag,shuffled_covariates,0.7142857142857143,0.5,0.35714285714285715,0.387361079454422,0.5473202466964722,0.05215340107679367,0.3041086196899414,0.011324790975777432
4,wrong_lag,no_lag,0.9285714285714286,0.8333333333333334,0.7857142857142857,0.7034998536109924,0.7522107362747192,0.15570709109306335,0.7240325212478638,0.011398458998883143
4,wrong_lag,oracle_residualization,0.7142857142857143,0.8333333333333334,0.5714285714285714,0.22741928696632385,0.15873725712299347,0.08541206270456314,0.12486425787210464,0.01116937497863546
4,wrong_lag,nonlinear_oracle,0.42857142857142855,0.3333333333333333,0.07142857142857142,0.00032677434501238167,0.0003118156746495515,0.007220950443297625,0.006368972361087799,0.012378875020658597
4,random_nuisance,standard_attention,1.0,0.8333333333333334,1.0,0.6437535881996155,0.8476399779319763,0.47007471323013306,1.0,0.00576050000381656
4,random_nuisance,standard_contrastive,1.0,0.8333333333333334,1.0,0.6437535881996155,0.8476399779319763,0.47007471323013306,1.0,0.006145209015812725
4,random_nuisance,input_residualization,0.9285714285714286,1.0,0.7142857142857143,0.39628252387046814,0.31273210048675537,0.11857327818870544,0.1762189120054245,0.011584666994167492
4,random_nuisance,pooled_residualization,0.8571428571428571,1.0,0.8571428571428571,0.16779647767543793,0.4090854525566101,0.3257520794868469,0.6192967295646667,0.006316041981335729
4,random_nuisance,loss_partial_correlation,0.9285714285714286,1.0,0.7142857142857143,0.39628252387046814,0.31273210048675537,0.11857327818870544,0.1762189120054245,0.011134541011415422
4,random_nuisance,q_only,0.9285714285714286,0.8333333333333334,0.7142857142857143,0.39628252387046814,0.31273210048675537,0.07091747224330902,0.1762189120054245,0.00899891700828448
4,random_nuisance,k_only,1.0,0.6666666666666666,0.6428571428571429,0.6437535881996155,0.8476399779319763,0.13244760036468506,1.0,0.007903540972620249
4,random_nuisance,qk_tpa,0.9285714285714286,1.0,0.7142857142857143,0.39628252387046814,0.31273210048675537,0.11857327818870544,0.1762189120054245,0.01308775000507012
4,random_nuisance,qkv_tpa,0.9285714285714286,1.0,0.7142857142857143,0.39628252387046814,0.31273210048675537,0.11857327818870544,0.1762189120054245,0.012086125003406778
4,random_nuisance,random_subspace,1.0,0.8333333333333334,1.0,0.5947924852371216,0.7736919522285461,0.37648168206214905,0.6573538780212402,0.011332082998706028
4,random_nuisance,shuffled_covariates,0.7857142857142857,0.8333333333333334,0.5714285714285714,0.4716534912586212,0.6100444197654724,0.06851279735565186,0.4273911118507385,0.011263874999713153
4,random_nuisance,no_lag,1.0,0.6666666666666666,0.7857142857142857,0.6493819952011108,0.6196935176849365,0.1655825525522232,0.6047397255897522,0.011274958000285551
4,random_nuisance,oracle_residualization,0.9285714285714286,1.0,0.7142857142857143,0.39628252387046814,0.31273210048675537,0.11857327818870544,0.1762189120054245,0.010582666989648715
4,random_nuisance,nonlinear_oracle,0.6428571428571429,0.5,0.42857142857142855,0.08901868015527725,0.12797611951828003,0.05159949138760567,0.06624459475278854,0.012215541995828971
