paper_id,title,authors,year,venue,task,modalities,trf_or_lagged_design,partial_correlation,residualize_input,residualize_embedding,residualize_q,residualize_k,residualize_v,condition_attention,acoustic_covariates,brain_data,teacher_model,hard_negative_control,code_available,closest_overlap,novelty_risk,url,notes
W3135526844,Causal Attention for Vision-Language Tasks,Xu Yang; Hanwang Zhang; Guo-Jun Qi; Jianfei Cai,2021,arXiv (Cornell University),attention_deconfounding,multimodal,False,False,False,False,False,False,False,True,False,False,True,False,False,attention_deconfounding,medium,http://arxiv.org/abs/2103.03493,"We present a novel attention mechanism: Causal Attention (CATT), to remove the ever-elusive confounding effect in existing attention-based vision-language models. This effect causes harmful bias that misleads the attention module to focus on the spurious correlations in training data, damaging the model generalization. As the confounder is unobserved in general, we use the front-door adjustment to realize the causal "
W3152619510,Deconfounded Video Moment Retrieval with Causal Intervention,Xun Yang; Fuli Feng; Wei Ji; Meng Wang; Tat‐Seng Chua,2021,,attention_deconfounding,multimodal,False,False,False,False,False,False,False,True,False,False,False,False,False,attention_deconfounding,medium,https://doi.org/10.1145/3404835.3462823,"We tackle the task of video moment retrieval (VMR), which aims to localize a specific moment in a video according to a textual query. Existing methods primarily model the matching relationship between query and moment by complex cross-modal interactions. Despite their effectiveness, current models mostly exploit dataset biases while ignoring the video content, thus leading to poor generalizability. We argue that the "
W4226392681,Deconfounded Visual Grounding,Jianqiang Huang; Qin Yu; Jiaxin Qi; Qianru Sun; Hanwang Zhang,2022,Proceedings of the AAAI Conference on Artificial Intelligence,attention_deconfounding,multimodal,False,False,False,False,False,False,False,True,False,False,False,False,False,attention_deconfounding,medium,https://doi.org/10.1609/aaai.v36i1.19983,"We focus on the confounding bias between language and location in the visual grounding pipeline, where we find that the bias is the major visual reasoning bottleneck. For example, the grounding process is usually a trivial languagelocation association without visual reasoning, e.g., grounding any language query containing sheep to the nearly central regions, due to that most queries about sheep have ground-truth loca"
W4324296919,Backdoor Defense via Deconfounded Representation Learning,Zaixi Zhang; Qi Liu; Zhicai Wang; Zepu Lu; Qingyong Hu,2023,arXiv (Cornell University),attention_deconfounding,multimodal,False,False,False,False,False,False,False,True,False,False,False,False,False,attention_deconfounding,medium,http://arxiv.org/abs/2303.06818,"Deep neural networks (DNNs) are recently shown to be vulnerable to backdoor attacks, where attackers embed hidden backdoors in the DNN model by injecting a few poisoned examples into the training dataset. While extensive efforts have been made to detect and remove backdoors from backdoored DNNs, it is still not clear whether a backdoor-free clean model can be directly obtained from poisoned datasets. In this paper, w"
W4390874216,Knowledge Proxy Intervention for Deconfounded Video Question Answering,Jiangtong Li; Li Niu; Liqing Zhang,2023,,attention_deconfounding,multimodal,False,False,False,False,False,False,False,True,False,False,False,False,False,attention_deconfounding,medium,https://doi.org/10.1109/iccv51070.2023.00261,"Recently, Video Question-Answering (VideoQA) has drawn more and more attention from both the industry and the research community. Despite all the success achieved by recent works, dataset bias always harmfully misleads current methods focusing on spurious correlations in training data. To analyze the effects of dataset bias, we frame the VideoQA pipeline into a causal graph, which shows the causalities among video, q"
W4387968117,Towards Deconfounded Image-Text Matching with Causal Inference,Wenhui Li; Xinqi Su; Dan Song; Lanjun Wang; Kun Zhang; An-An Liu,2023,,attention_deconfounding,multimodal,False,False,False,False,False,False,False,True,False,False,False,False,False,attention_deconfounding,medium,https://doi.org/10.1145/3581783.3612472,"Prior image-text matching methods have shown remarkable performance on many benchmark datasets, but most of them overlook the bias in the dataset, which exists in intra-modal and inter-modal, and tend to learn the spurious correlations that extremely degrade the generalization ability of the model. Furthermore, these methods often incorporate biased external knowledge from large-scale datasets as prior knowledge into"
W4382318830,Video-Audio Domain Generalization via Confounder Disentanglement,Shengyu Zhang; Xu-Sheng Feng; Wenyan Fan; Wenjing Fang; Fuli Feng; Wei Ji; Shuo Li; Li Wang; Shanshan Zhao; Zhou Zhao; Tat‐Seng Chua; Fei Wu,2023,Proceedings of the AAAI Conference on Artificial Intelligence,attention_deconfounding,multimodal,False,False,False,False,False,False,False,True,False,False,False,False,False,attention_deconfounding,medium,https://doi.org/10.1609/aaai.v37i12.26787,"Existing video-audio understanding models are trained and evaluated in an intra-domain setting, facing performance degeneration in real-world applications where multiple domains and distribution shifts naturally exist. The key to video-audio domain generalization (VADG) lies in alleviating spurious correlations over multi-modal features. To achieve this goal, we resort to causal theory and attribute such correlation "
W2940217297,Low-frequency cortical responses to natural speech reflect probabilistic phonotactics,Giovanni M. Di Liberto; Daniel D.E. Wong; Gerda Ana Melnik; Alain de Cheveigné,2019,NeuroImage,brain_variance_partition,representation,False,False,False,False,False,False,False,False,False,True,False,False,False,brain_variance_partition,high,https://doi.org/10.1016/j.neuroimage.2019.04.037,
W2964812680,Semantic Context Enhances the Early Auditory Encoding of Natural Speech,Michael P. Broderick; Andrew Anderson; Edmund C. Lalor,2019,Journal of Neuroscience,brain_variance_partition,representation,False,False,False,False,False,False,False,False,False,True,False,False,False,brain_variance_partition,high,https://doi.org/10.1523/jneurosci.0584-19.2019,"Speech perception involves the integration of sensory input with expectations based on the context of that speech. Much debate surrounds the issue of whether or not prior knowledge feeds back to affect early auditory encoding in the lower levels of the speech processing hierarchy, or whether perception can be best explained as a purely feedforward process. Although there has been compelling evidence on both sides of "
W3093822897,Linguistic Structure and Meaning Organize Neural Oscillations into a Content-Specific Hierarchy,Greta Kaufeld; Hans Rutger Bosker; Sanne ten Oever; Phillip M. Alday; Antje S. Meyer; Andrea E. Martin,2020,Journal of Neuroscience,brain_variance_partition,representation,False,False,False,False,False,False,False,False,True,True,False,False,False,brain_variance_partition,high,https://doi.org/10.1523/jneurosci.0302-20.2020,"Neural oscillations track linguistic information during speech comprehension (Ding et al., 2016; Keitel et al., 2018), and are known to be modulated by acoustic landmarks and speech intelligibility (Doelling et al., 2014; Zoefel and VanRullen, 2015). However, studies investigating linguistic tracking have either relied on non-naturalistic isochronous stimuli or failed to fully control for prosody. Therefore, it is st"
W4292084762,Modulation of brain activity by psycholinguistic information during naturalistic speech comprehension and production,Wei Wu; Matías Morales; Tanvi Patel; Martin J. Pickering; Paul Hoffman,2022,Cortex,brain_variance_partition,representation,False,False,False,False,False,False,False,False,False,True,False,False,False,brain_variance_partition,high,https://doi.org/10.1016/j.cortex.2022.08.002,"Language processing requires the integration of diverse sources of information across multiple levels of processing. A range of psycholinguistic properties have been documented in previous studies as having influence on brain activation during language processing. However, most of those studies have used factorial designs to probe the effect of one or two individual properties using highly controlled stimuli and expe"
W4220949944,Shared computational principles for language processing in humans and deep language models,Ariel Goldstein; Zaid Zada; Eliav Buchnik; Mariano Schain; Amy Price; Bobbi Aubrey; Samuel A. Nastase; Amir Feder; Dotan Emanuel; Alon Cohen; Aren Jansen; Harshvardhan Gazula; Gina Choe; Aditi Rao; Catherine Kim; Colton Casto; Lora Fanda; Werner Doyle; Daniel Friedman; Patricia Dugan; Lucía Melloni; Roi Reichart; Sasha Devore; Adeen Flinker; Liat Hasenfratz; Omer Levy; Avinatan Hassidim; Michael P. Brenner; Yossi Matias; Kenneth A. Norman; Orrin Devinsky; Uri Hasson,2022,Nature Neuroscience,brain_variance_partition,representation,False,False,False,False,False,False,False,False,False,True,True,False,False,brain_variance_partition,high,https://doi.org/10.1038/s41593-022-01026-4,"Departing from traditional linguistic models, advances in deep learning have resulted in a new type of predictive (autoregressive) deep language models (DLMs). Using a self-supervised next-word prediction task, these models generate appropriate linguistic responses in a given context. In the current study, nine participants listened to a 30-min podcast while their brain responses were recorded using electrocorticogra"
W4389161687,Neural tracking measures of speech intelligibility: Manipulating intelligibility while keeping acoustics unchanged,I. M. Dushyanthi Karunathilake; Joshua P. Kulasingham; Jonathan Z. Simon,2023,Proceedings of the National Academy of Sciences,brain_variance_partition,representation,False,False,False,False,False,False,False,False,True,True,False,False,False,brain_variance_partition,high,https://doi.org/10.1073/pnas.2309166120,"Neural speech tracking has advanced our understanding of how our brains rapidly map an acoustic speech signal onto linguistic representations and ultimately meaning. It remains unclear, however, how speech intelligibility is related to the corresponding neural responses. Many studies addressing this question vary the level of intelligibility by manipulating the acoustic waveform, but this makes it difficult to cleanl"
manual-aad69bf408,Early language experience modulates the tradeoff between acoustic-temporal and lexico-semantic cortical tracking of speech,Jose Perez-Navarro; Anastasia Klimovich-Gray; Mikel Lizarazu; Giorgio Piazza; Nicola Molinaro; Marie Lallier,2024,iScience,brain_variance_partition,EEG-audio,True,False,False,False,False,False,False,False,True,True,False,False,False,brain_variance_partition,high,https://doi.org/10.1016/j.isci.2024.110247,Joint envelope and semantic TRFs support measurable higher-level EEG effects in a specific setting.
W4399053880,Exploring neural tracking of acoustic and linguistic speech representations in individuals with post‐stroke aphasia,Jill Kries; Pieter De Clercq; Marlies Gillis; Jonas Vanthornhout; Robin Lemmens; Tom Francart; Maaike Vandermosten,2024,Human Brain Mapping,brain_variance_partition,representation,False,False,False,False,False,False,False,False,True,True,False,False,False,brain_variance_partition,high,https://doi.org/10.1002/hbm.26676,"Aphasia is a communication disorder that affects processing of language at different levels (e.g., acoustic, phonological, semantic). Recording brain activity via Electroencephalography while people listen to a continuous story allows to analyze brain responses to acoustic and linguistic properties of speech. When the neural activity aligns with these speech properties, it is referred to as neural tracking. Even thou"
W4400199239,Shared functional specialization in transformer-based language models and the human brain,Sreejan Kumar; Theodore R. Sumers; Takateru Yamakoshi; Ariel Goldstein; Uri Hasson; Kenneth A. Norman; Thomas L. Griffiths; Robert D. Hawkins; Samuel A. Nastase,2024,Nature Communications,brain_variance_partition,representation,False,False,False,False,False,False,False,False,False,True,True,False,False,brain_variance_partition,high,https://doi.org/10.1038/s41467-024-49173-5,"When processing language, the brain is thought to deploy specialized computations to construct meaning from complex linguistic structures. Recently, artificial neural networks based on the Transformer architecture have revolutionized the field of natural language processing. Transformers integrate contextual information across words via structured circuit computations. Prior work has focused on the internal represent"
manual-b09b4b9aa8,Speech language models lack important brain-relevant semantics,Subba Reddy Oota et al.,2024,ACL,brain_variance_partition,representation,False,False,False,False,False,False,False,False,False,True,True,False,False,brain_variance_partition,high,https://aclanthology.org/2024.acl-long.462/,Closest mechanism paper: explicitly removes low-level features before brain alignment and reports loss of late-region predictive power for speech models.
manual-4f79c0840a,Attention Modulation to Linguistic Speech Units,Manuela Jaeger; Elana Zion-Golumbic; Martin Georg Bleichner,2025,Neurobiology of Language,brain_variance_partition,representation,True,False,False,False,False,False,False,False,True,True,False,False,False,brain_variance_partition,high,https://doi.org/10.1162/nol.a.14,Phoneme/word onset TRFs remain after including the speech envelope as a regressor.
manual-655743051e,Conditional Noise-Contrastive Estimation of Unnormalised Models,Ciwan Ceylan and Michael Gutmann,2018,ICML,conditional_multimodal,multimodal,False,True,False,False,False,False,False,False,False,False,False,False,False,conditional_multimodal,medium,https://proceedings.mlr.press/v80/ceylan18a.html,Conditional NCE is density estimation and not equivalent to partial attention.
manual-e76a32d282,ContraGAN: Contrastive Learning for Conditional Image Generation,Minguk Kang and Jaesik Park,2020,NeurIPS,conditional_multimodal,multimodal,False,False,False,False,False,False,False,False,False,False,False,False,False,conditional_multimodal,medium,https://proceedings.neurips.cc/paper/2020/hash/f490c742cd8318b8ee6dca10af2a163f-Abstract.html,Class-conditional contrastive loss; semantic overlap in name only.
manual-ed7ae9c3ac,InfoGCL: Information-Aware Graph Contrastive Learning,Dongkuan Xu et al.,2021,NeurIPS,conditional_multimodal,EEG-audio,False,False,True,True,False,False,False,False,False,True,False,False,False,conditional_multimodal,medium,https://proceedings.neurips.cc/paper/2021/hash/ff1e68e74c6b16a1a7b5d958b95e120c-Abstract.html,Information bottleneck comparison; no EEG or Q/K residualization.
manual-13def5e9fc,Conditional Contrastive Learning with Kernel,Yao-Hung Hubert Tsai et al.,2022,ICLR,conditional_multimodal,multimodal,False,False,True,True,False,False,False,False,False,False,False,False,False,conditional_multimodal,medium,https://openreview.net/forum?id=AAJLBoGt0XM,Direct conditional contrastive prior work; conditions sampling/objective rather than residualizing Q/K.
manual-88787de2b5,Conditional Contrastive Networks,Emily Mu and John Guttag,2022,NeurIPS workshop,conditional_multimodal,EEG-audio,False,False,False,False,False,False,False,False,True,True,False,False,False,conditional_multimodal,medium,https://openreview.net/forum?id=MbpMqAXAGFH,Learns separate conditional similarity subspaces; no lagged acoustic nuisance or EEG.
manual-3ce2ad46bb,Multimodal Contrastive Learning via Uni-Modal Coding and Cross-Modal Prediction for Multimodal Sentiment Analysis,Ronghao Lin and Haifeng Hu,2022,Findings EMNLP,conditional_multimodal,multimodal,False,False,False,False,False,False,False,False,False,False,False,False,False,conditional_multimodal,medium,https://aclanthology.org/2022.findings-emnlp.36/,Cross-modal contrastive baseline without nuisance conditioning.
manual-99c2e99053,Conditional Mutual Information for Disentangled Representations in Reinforcement Learning,Mhairi Dunion et al.,2023,NeurIPS,conditional_multimodal,multimodal,False,False,False,False,False,False,False,False,False,False,False,False,False,conditional_multimodal,medium,https://proceedings.neurips.cc/paper_files/paper/2023/hash/fd750154df5f199f94df897975621306-Abstract-Conference.html,"Actually optimizes a CMI-motivated objective, underscoring that an attention score is not a CMI estimator."
manual-942b70b90c,Information Subtraction: Learning Representations for Conditional Entropy,Keng-Hou Leong et al.,2024,ICLR submission,conditional_multimodal,multimodal,False,False,False,False,False,False,False,False,False,False,False,False,False,conditional_multimodal,medium,https://openreview.net/forum?id=C2uViDZmNp,"Targets arbitrary continuous conditioning via learned information subtraction, broader but less established."
manual-51872a601e,Conditional Semantic Textual Similarity via Conditional Contrastive Learning,Xinyue Liu et al.,2025,COLING,conditional_multimodal,multimodal,False,False,True,True,False,False,False,False,False,False,False,False,False,conditional_multimodal,medium,https://aclanthology.org/2025.coling-main.306/,"Conditional similarity objective, not covariate residualization."
manual-458223870b,Enhancing Multimodal Entity Linking with Jaccard Distance-based Conditional Contrastive Learning and Contextual Visual Augmentation,Cong-Duy T Nguyen et al.,2025,NAACL,conditional_multimodal,multimodal,False,False,False,False,False,False,False,False,True,False,False,True,False,conditional_multimodal,medium,https://aclanthology.org/2025.naacl-long.341/,Condition-matched hard negatives are conceptually close to acoustically matched negatives.
W2968050947,Comparison of Two-Talker Attention Decoding from EEG with Nonlinear Neural Networks and Linear Methods,Gregory Ciccarelli; Michael A. Nolan; Joseph Perricone; Paul Calamia; Stephanie Haro; James O’Sullivan; Nima Mesgarani; Thomas F. Quatieri; Christopher J. Smalt,2019,Scientific Reports,eeg_audio,EEG-audio,False,False,False,False,False,False,False,False,True,True,False,False,False,eeg_audio,medium,https://doi.org/10.1038/s41598-019-47795-0,"Auditory attention decoding (AAD) through a brain-computer interface has had a flowering of developments since it was first introduced by Mesgarani and Chang (2012) using electrocorticograph recordings. AAD has been pursued for its potential application to hearing-aid design in which an attention-guided algorithm selects, from multiple competing acoustic sources, which should be enhanced for the listener and which sh"
W3157504026,Decoding Covert Speech From EEG-A Comprehensive Review,Jerrin Thomas Panachakel; Angarai Ganesan Ramakrishnan,2021,Frontiers in Neuroscience,eeg_audio,EEG-audio,False,False,False,False,False,False,False,False,False,True,False,False,False,eeg_audio,medium,https://doi.org/10.3389/fnins.2021.642251,"Over the past decade, many researchers have come up with different implementations of systems for decoding covert or imagined speech from EEG (electroencephalogram). They differ from each other in several aspects, from data acquisition to machine learning algorithms, due to which, a comparison between different implementations is often difficult. This review article puts together all the relevant works published in t"
W3159696612,EEG-based detection of the locus of auditory attention with convolutional neural networks,Servaas Vandecappelle; Lucas Deckers; Neetha Das; Amir H. Ansari; Alexander Bertrand; Tom Francart,2021,eLife,eeg_audio,EEG-audio,False,False,False,False,False,False,False,False,False,True,False,False,False,eeg_audio,medium,https://doi.org/10.7554/elife.56481,"In a multi-speaker scenario, the human auditory system is able to attend to one particular speaker of interest and ignore the others. It has been demonstrated that it is possible to use electroencephalography (EEG) signals to infer to which speaker someone is attending by relating the neural activity to the speech signals. However, classifying auditory attention within a short time interval remains the main challenge"
W3126966983,Electroencephalography-Based Auditory Attention Decoding: Toward Neurosteered Hearing Devices,Simon Geirnaert; Servaas Vandecappelle; Emina Alickovic; Alain de Cheveigne; Edmund Lalor; Bernd T. Meyer; Sina Miran; Tom Francart; Alexander Bertrand,2021,IEEE Signal Processing Magazine,eeg_audio,EEG-audio,False,False,False,False,False,False,False,False,False,True,False,False,False,eeg_audio,medium,https://doi.org/10.1109/msp.2021.3075932,"People suffering from hearing impairment often have difficulties participating in conversations in so-called cocktail party scenarios where multiple individuals are simultaneously talking. Although advanced algorithms exist to suppress background noise in these situations, a hearing device also needs information about which speaker a user actually aims to attend to. The voice of the correct (attended) speaker can the"
W4283015068,Robust decoding of the speech envelope from EEG recordings through deep neural networks,Mike Thornton; Danilo P. Mandic; Tobias Reichenbach,2022,Journal of Neural Engineering,eeg_audio,EEG-audio,False,False,False,False,False,False,False,False,True,True,False,False,True,eeg_audio,medium,https://doi.org/10.1088/1741-2552/ac7976,Abstract Objective. Smart hearing aids which can decode the focus of a user’s attention could considerably improve comprehension levels in noisy environments. Methods for decoding auditory attention from electroencapholography (EEG) have attracted considerable interest for this reason. Recent studies suggest that the integration of deep neural networks (DNNs) into existing auditory attention decoding (AAD) algorithms
W4206654584,STAnet: A Spatiotemporal Attention Network for Decoding Auditory Spatial Attention From EEG,Enze Su; Siqi Cai; Longhan Xie; Haizhou Li; Tanja Schultz,2022,IEEE Transactions on Biomedical Engineering,eeg_audio,EEG-audio,False,False,False,False,False,False,False,False,True,True,False,False,False,eeg_audio,medium,https://doi.org/10.1109/tbme.2022.3140246,"OBJECTIVE: Humans are able to localize the source of a sound. This enables them to direct attention to a particular speaker in a cocktail party. Psycho-acoustic studies show that the sensory cortices of the human brain respond to the location of sound sources differently, and the auditory attention itself is a dynamic and temporally based brain activity. In this work, we seek to build a computational model which uses"
W4387378260,Decoding speech perception from non-invasive brain recordings,Alexandre Défossez; Charlotte Caucheteux; Jérémy Rapin; Ori Kabeli; Jean-Rémi King,2023,Nature Machine Intelligence,eeg_audio,EEG-audio,False,False,False,False,False,False,False,False,False,True,False,False,True,eeg_audio,medium,https://doi.org/10.1038/s42256-023-00714-5,"Abstract Decoding speech from brain activity is a long-awaited goal in both healthcare and neuroscience. Invasive devices have recently led to major milestones in this regard: deep-learning algorithms trained on intracranial recordings can now start to decode elementary linguistic features such as letters, words and audio-spectrograms. However, extending this approach to natural speech and non-invasive brain recordin"
W4315701836,Neural decoding of music from the EEG,Ian Daly,2023,Scientific Reports,eeg_audio,EEG-audio,False,False,False,False,False,False,False,False,True,True,False,False,True,eeg_audio,medium,https://doi.org/10.1038/s41598-022-27361-x,"Neural decoding models can be used to decode neural representations of visual, acoustic, or semantic information. Recent studies have demonstrated neural decoders that are able to decode accoustic information from a variety of neural signal types including electrocortiography (ECoG) and the electroencephalogram (EEG). In this study we explore how functional magnetic resonance imaging (fMRI) can be combined with EEG t"
W4384155732,Relating EEG to continuous speech using deep neural networks: a review,Corentin Puffay; Bernd Accou; Lies Bollens; Mohammad Jalilpour Monesi; Jonas Vanthornhout; Hugo Van hamme; Tom Francart,2023,Journal of Neural Engineering,eeg_audio,EEG-audio,False,False,False,False,False,False,False,False,False,True,False,False,False,eeg_audio,medium,https://doi.org/10.1088/1741-2552/ace73f,"Abstract Objective. When a person listens to continuous speech, a corresponding response is elicited in the brain and can be recorded using electroencephalography (EEG). Linear models are presently used to relate the EEG recording to the corresponding speech signal. The ability of linear models to find a mapping between these two signals is used as a measure of neural tracking of speech. Such models are limited as th"
W4394577281,A neural speech decoding framework leveraging deep learning and speech synthesis,Xupeng Chen; Ran Wang; Amirhossein Khalilian-Gourtani; Leyao Yu; Patricia Dugan; Daniel Friedman; Werner Doyle; Orrin Devinsky; Yao Wang; Adeen Flinker,2024,Nature Machine Intelligence,eeg_audio,EEG-audio,False,False,False,False,False,False,False,False,False,True,False,False,False,eeg_audio,medium,https://doi.org/10.1038/s42256-024-00824-8,"Decoding human speech from neural signals is essential for brain-computer interface (BCI) technologies that aim to restore speech in populations with neurological deficits. However, it remains a highly challenging task, compounded by the scarce availability of neural signals with corresponding speech, data complexity and high dimensionality. Here we present a novel deep learning-based neural speech decoding framework"
manual-41347fd9b0,Invariant Representations without Adversarial Training,Daniel Moyer et al.,2018,NeurIPS,nuisance_projection,representation,False,False,True,True,False,False,False,False,False,False,False,False,False,nuisance_projection,high,https://proceedings.neurips.cc/paper/2018/hash/415185ea244ea2b2bedeb0449b926802-Abstract.html,Information-theoretic nuisance invariance; stronger than claiming linear residualization estimates conditional MI.
manual-ac342d6ed6,Statistical Learning with a Nuisance Component,Dylan Foster and Vasilis Syrgkanis,2019,COLT,nuisance_projection,representation,False,False,True,True,False,False,False,False,False,False,False,False,False,nuisance_projection,high,https://proceedings.mlr.press/v99/foster19c.html,Formal nuisance-estimation error propagation; relevant to batch-estimated C but not an attention operator.
W2963093613,Unsupervised Learning with Contrastive Latent Variable Models,Kristen Severson; Soumya Ghosh; Kenney Ng,2019,,nuisance_projection,representation,False,False,True,True,False,False,False,False,False,False,False,False,False,nuisance_projection,high,https://ojs.aaai.org/index.php/AAAI/article/view/4414,"In unsupervised learning, dimensionality reduction is an important tool for data exploration and visualization. Because these aims are typically open-ended, it can be useful to frame the problem as looking for patterns that are enriched in one dataset relative to another. These pairs of datasets occur commonly, for instance a population of interest vs. control or signal vs. signal free recordings. However, there are "
W2994929655,Learning Robust Representations via Multi-View Information Bottleneck,Marco Federici; Anjan Dutta; Patrick Forré; Nate Kushman; Zeynep Akata,2020,arXiv (Cornell University),nuisance_projection,representation,False,False,True,True,False,False,False,False,False,False,False,False,True,nuisance_projection,high,http://arxiv.org/abs/2002.07017,"The information bottleneck principle provides an information-theoretic method for representation learning, by training an encoder to retain all information which is relevant for predicting the label while minimizing the amount of other, excess information in the representation. The original formulation, however, requires labeled data to identify the superfluous information. In this work, we extend this ability to the"
manual-6c05f5a0be,Null It Out: Guarding Protected Attributes by Iterative Nullspace Projection,Shauli Ravfogel et al.,2020,ACL,nuisance_projection,EEG-audio,False,False,True,True,False,False,False,False,False,True,False,False,False,nuisance_projection,high,https://aclanthology.org/2020.acl-main.647/,"Iterative null-space projection removes linearly decodable attributes; close statistical ancestor, not EEG or attention."
W3138636771,Orthogonal Projection Loss,Kanchana Ranasinghe; Muzammal Naseer; Munawar Hayat; Salman Khan; Fahad Shahbaz Khan,2021,2021 IEEE/CVF International Conference on Computer Vision (ICCV),nuisance_projection,representation,False,False,True,True,False,False,False,False,False,False,False,False,False,nuisance_projection,high,https://doi.org/10.1109/iccv48922.2021.01211,"Deep neural networks have achieved remarkable performance on a range of classification tasks, with softmax crossentropy (CE) loss emerging as the de-facto objective function. The CE loss encourages features of a class to have a higher projection score on the true class-vector compared to the negative classes. However, this is a relative constraint and does not explicitly force different class features to be well-sepa"
manual-b7913ffb4f,Better Hit the Nail on the Head than Beat around the Bush: Removing Protected Attributes with a Single Projection,Pantea Haghighatkhah et al.,2022,EMNLP,nuisance_projection,representation,False,False,True,True,False,False,False,False,False,False,False,False,False,nuisance_projection,high,https://aclanthology.org/2022.emnlp-main.575/,Single targeted projection and random-projection control directly motivate TPA specificity tests.
W4309805490,Disentangled Representation Learning,Xin Wang; Hong Chen; Si'ao Tang; Zihao Wu; Wenwu Zhu,2022,arXiv (Cornell University),nuisance_projection,representation,False,False,True,True,False,False,False,False,False,False,False,False,False,nuisance_projection,high,http://arxiv.org/abs/2211.11695,"Disentangled Representation Learning (DRL) aims to learn a model capable of identifying and disentangling the underlying factors hidden in the observable data in representation form. The process of separating underlying factors of variation into variables with semantic meaning benefits in learning explainable representations of data, which imitates the meaningful understanding process of humans when observing an obje"
manual-723d1cd244,Learning Invariant Representations with Missing Data,Mark Goldstein et al.,2022,CLeaR,nuisance_projection,representation,False,False,True,True,False,False,False,False,False,False,False,False,False,nuisance_projection,high,https://proceedings.mlr.press/v177/goldstein22a.html,Observed nuisance labels and missingness matter for invariant representation guarantees.
manual-c0c40d3282,LEACE: Perfect linear concept erasure in closed form,Nora Belrose et al.,2023,NeurIPS,nuisance_projection,representation,False,False,True,True,False,False,False,False,False,False,False,False,False,nuisance_projection,high,https://openreview.net/forum?id=awIpKpwTwF,Closed-form least-squares concept erasure shows projection is established and may be oblique rather than orthogonal.
W2914527946,Orthogonal statistical learning,Dylan J. Foster; Vasilis Syrgkanis,2023,The Annals of Statistics,nuisance_projection,representation,False,False,True,True,False,False,False,False,False,False,False,False,False,nuisance_projection,high,https://doi.org/10.1214/23-aos2258,We provide nonasymptotic excess risk guarantees for statistical learning in a setting where the population risk with respect to which we evaluate the target parameter depends on an unknown nuisance parameter that must be estimated from data. We analyze a two-stage sample splitting meta-algorithm that takes as input arbitrary estimation algorithms for the target parameter and nuisance parameter. We show that if the po
manual-5bbfef1b6f,Removing Spurious Concepts from Neural Network Representations via Joint Subspace Estimation,Floris Holstege; Bram Wouters; Noud Van Giersbergen; Cees Diks,2024,ICML,nuisance_projection,representation,False,False,True,True,False,False,False,False,False,False,False,False,False,nuisance_projection,high,https://proceedings.mlr.press/v235/holstege24a.html,Jointly estimates orthogonal task and spurious subspaces; close control for random-subspace explanations.
manual-5c87e1b379,Improving Causal Interventions in Amnesic Probing with Mean Projection or LEACE,Alicja Dobrzeniecka et al.,2025,Findings ACL,nuisance_projection,representation,False,False,True,True,False,False,False,False,False,False,False,False,False,nuisance_projection,high,https://aclanthology.org/2025.findings-acl.674/,Shows INLP can introduce random modifications and evaluates more targeted erasure.
manual-79eede2192,A framework for analyzing concept representations in neural models,Burin Naowarat et al.,2026,CoNLL,nuisance_projection,representation,False,False,True,True,False,False,False,False,False,False,True,False,False,nuisance_projection,high,https://aclanthology.org/2026.conll-main.34/,HuBERT phone/speaker subspaces show erasure generalization and containment failures.
W2889198316,Analyzing EEG Signals in Auditory Speech Comprehension Using Temporal Response Functions and Generalized Additive Models,Kimberley Mulder; Louis ten Bosch; Lou Boves,2018,,trf_speech_eeg,EEG-audio,True,False,False,False,False,False,False,False,True,True,False,False,False,trf_speech_eeg,medium,https://doi.org/10.21437/interspeech.2018-1676,Analyzing EEG signals recorded while participants are listening to continuous speech with the purpose of testing linguistic hypotheses is complicated by the fact that the signals simultaneously reflect exogenous acoustic excitation and endogenous linguistic processing.This makes it difficult to trace subtle differences that occur in mid-sentence position.We apply an analysis based on multivariate temporal response fu
W2890442302,EEG-based auditory attention detection: boundary conditions for background noise and speaker positions*,Neetha Das; Alexander Bertrand; Tom Francart,2018,Journal of Neural Engineering,trf_speech_eeg,EEG-audio,False,False,False,False,False,False,False,False,True,True,False,False,True,trf_speech_eeg,medium,https://doi.org/10.1088/1741-2552/aae0a6,OBJECTIVE: A listener's neural responses can be decoded to identify the speaker the person is attending to in a cocktail party environment. Such auditory attention detection methods have the potential to provide noise suppression algorithms in hearing devices with information about the listener's attention. A challenge is the effect of noise and other acoustic conditions that can reduce the attention detection accura
W2945512704,Neural Speech Tracking in the Theta and in the Delta Frequency Band Differentially Encode Clarity and Comprehension of Speech in Noise,Octave Etard; Tobias Reichenbach,2019,Journal of Neuroscience,trf_speech_eeg,EEG-audio,False,False,False,False,False,False,False,False,True,True,False,False,True,trf_speech_eeg,medium,https://doi.org/10.1523/jneurosci.1828-18.2019,"Humans excel at understanding speech even in adverse conditions such as background noise. Speech processing may be aided by cortical activity in the delta and theta frequency bands, which have been found to track the speech envelope. However, the rhythm of non-speech sounds is tracked by cortical activity as well. It therefore remains unclear which aspects of neural speech tracking represent the processing of acousti"
W3110010705,Modulation Spectra Capture EEG Responses to Speech Signals and Drive Distinct Temporal Response Functions,Xiangbin Teng; Qinglin Meng; David Poeppel,2020,eNeuro,trf_speech_eeg,EEG-audio,True,False,False,False,False,False,False,False,False,True,False,False,False,trf_speech_eeg,medium,https://doi.org/10.1523/eneuro.0399-20.2020,"Speech signals have a unique shape of long-term modulation spectrum that is distinct from environmental noise, music, and non-speech vocalizations. Does the human auditory system adapt to the speech long-term modulation spectrum and efficiently extract critical information from speech signals? To answer this question, we tested whether neural responses to speech signals can be captured by specific modulation spectra "
W3209125028,"Neural Markers of Speech Comprehension: Measuring EEG Tracking of Linguistic Speech Representations, Controlling the Speech Acoustics",Marlies Gillis; Jonas Vanthornhout; Jonathan Z. Simon; Tom Francart; Christian Brodbeck,2021,Journal of Neuroscience,trf_speech_eeg,EEG-audio,False,False,False,False,False,False,False,False,True,True,False,False,False,trf_speech_eeg,medium,https://doi.org/10.1523/jneurosci.0812-21.2021,"When listening to speech, our brain responses time lock to acoustic events in the stimulus. Recent studies have also reported that cortical responses track linguistic representations of speech. However, tracking of these representations is often described without controlling for acoustic properties. Therefore, the response to these linguistic representations might reflect unaccounted acoustic processing rather than l"
W4281688935,Prediction of Speech Intelligibility by Means of EEG Responses to Sentences in Noise,Jan Muncke; Ivine Kuruvila; Ulrich Hoppe,2022,Frontiers in Neuroscience,trf_speech_eeg,EEG-audio,True,False,False,False,False,False,False,False,True,True,False,False,False,trf_speech_eeg,medium,https://doi.org/10.3389/fnins.2022.876421,"Objective: Understanding speech in noisy conditions is challenging even for people with mild hearing loss, and intelligibility for an individual person is usually evaluated by using several subjective test methods. In the last few years, a method has been developed to determine a temporal response function (TRF) between speech envelope and simultaneous electroencephalographic (EEG) measurements. By using this TRF it "
W4389142554,"Eelbrain, a Python toolkit for time-continuous analysis with temporal response functions",Christian Brodbeck; Proloy Das; Marlies Gillis; Joshua P. Kulasingham; Shohini Bhattasali; Phoebe Gaston; Philip Resnik; Jonathan Z. Simon,2023,eLife,trf_speech_eeg,EEG-audio,True,False,False,False,False,False,False,False,True,True,False,False,False,trf_speech_eeg,medium,https://doi.org/10.7554/elife.85012,"Even though human experience unfolds continuously in time, it is not strictly linear; instead, it entails cascading processes building hierarchical cognitive structures. For instance, during speech perception, humans transform a continuously varying acoustic signal into phonemes, words, and meaning, and these levels all have distinct but interdependent temporal structures. Time-lagged regression using temporal respon"
manual-1f075cac87,The effects of data quantity on performance of temporal response function analyses of natural speech processing,Juraj Mesik; Magdalena Wojtczak,2023,Frontiers in Neuroscience,trf_speech_eeg,EEG-audio,True,False,False,False,False,False,False,False,False,True,False,False,False,trf_speech_eeg,medium,https://www.frontiersin.org/articles/10.3389/fnins.2022.963629,Quantifies data requirements and unique envelope/onset/surprisal contributions for TRF inference.
W4391641063,Predictors for estimating subcortical EEG responses to continuous speech,Joshua P. Kulasingham; Florine L. Bachmann; Kasper Eskelund; Martin Enqvist; Hamish Innes-Brown; Emina Alickovic,2024,PLoS ONE,trf_speech_eeg,EEG-audio,False,False,False,False,False,False,False,False,False,True,False,False,False,trf_speech_eeg,medium,https://doi.org/10.1371/journal.pone.0297826,"Perception of sounds and speech involves structures in the auditory brainstem that rapidly process ongoing auditory stimuli. The role of these structures in speech processing can be investigated by measuring their electrical activity using scalp-mounted electrodes. However, typical analysis methods involve averaging neural responses to many short repetitive stimuli that bear little relevance to daily listening enviro"
manual-1897a43da6,Dynamic modeling of EEG responses to natural speech reveals earlier processing of predictable words,Jin Dou; Andrew J. Anderson; Aaron S. White; Samuel V. Norman-Haignere; Edmund C. Lalor,2025,PLOS Computational Biology,trf_speech_eeg,EEG-audio,True,False,False,False,False,False,False,False,False,True,False,False,False,trf_speech_eeg,medium,https://doi.org/10.1371/journal.pcbi.1013006,Dynamic amplitude/latency TRF with envelope/onset controls; shows fixed lag is a limitation.
